player_id,game_id,fgm,fga,pts
2544,21900002,7,19,18
2730,21900002,1,3,3
101150,21900002,8,14,21
201162,21900002,2,2,6
201580,21900002,2,3,4
201976,21900002,1,7,2
201980,21900002,10,14,28
202335,21900002,1,3,4
202340,21900002,3,7,8
202695,21900002,10,19,30
203076,21900002,8,21,25
203090,21900002,4,7,10
203210,21900002,4,8,12
203484,21900002,0,3,0
203584,21900002,2,6,6
1626149,21900002,7,11,17
1626188,21900002,2,7,4
1627826,21900002,4,4,8
1629013,21900002,3,8,8
201143,21900008,5,13,16
202330,21900008,8,15,25
202683,21900008,5,8,12
202689,21900008,4,18,12
202699,21900008,6,11,15
202954,21900008,0,2,0
203118,21900008,2,7,6
203124,21900008,2,2,5
203516,21900008,0,3,3
203935,21900008,2,7,4
203954,21900008,5,14,15
1626196,21900008,4,12,17
1627732,21900008,11,16,24
1627759,21900008,3,6,8
1627788,21900008,1,2,3
1628369,21900008,8,22,21
1628400,21900008,0,1,0
1628464,21900008,0,1,3
1629035,21900008,1,5,3
1629057,21900008,2,4,5
1629680,21900008,1,5,3
1629684,21900008,0,1,0
2544,21900054,8,15,23
2730,21900054,1,2,2
201580,21900054,5,7,10
201980,21900054,3,6,8
202340,21900054,5,9,12
202685,21900054,5,10,14
203076,21900054,7,17,40
203109,21900054,3,8,9
203484,21900054,6,11,13
203524,21900054,2,6,8
203584,21900054,2,7,5
203937,21900054,1,4,2
203998,21900054,0,3,0
1626145,21900054,2,4,4
1626188,21900054,3,8,7
1627936,21900054,0,4,0
1628415,21900054,2,7,8
1628960,21900054,4,14,13
1628991,21900054,2,10,7
1629001,21900054,0,2,0
1629630,21900054,6,13,16
1629634,21900054,4,9,10
1629741,21900054,0,5,0
101150,21900063,9,17,24
201144,21900063,11,17,29
201145,21900063,3,8,8
201976,21900063,4,13,8
202334,21900063,2,3,4
202335,21900063,1,4,3
202711,21900063,5,11,14
203090,21900063,1,3,2
203210,21900063,8,11,23
203497,21900063,5,7,13
203585,21900063,0,3,0
204060,21900063,4,8,10
1626144,21900063,4,9,8
1626149,21900063,5,9,10
1627826,21900063,4,4,8
1628378,21900063,10,17,24
1629010,21900063,4,7,9
1629013,21900063,1,7,5
1629611,21900063,2,3,4
1629662,21900063,0,1,0
201143,21900110,3,14,7
201144,21900110,6,15,15
201145,21900110,1,6,3
202699,21900110,4,11,16
202711,21900110,9,18,20
203118,21900110,2,3,5
203497,21900110,4,8,14
203516,21900110,2,2,4
203526,21900110,5,11,11
203954,21900110,5,16,27
204060,21900110,6,11,16
1626196,21900110,8,13,24
1626220,21900110,1,2,5
1627732,21900110,1,2,2
1627777,21900110,0,1,1
1627788,21900110,2,4,6
1628378,21900110,10,23,24
1628396,21900110,4,5,8
1629680,21900110,1,4,2
201571,21900133,4,10,8
202329,21900133,1,2,2
202696,21900133,8,17,18
203082,21900133,5,6,12
203095,21900133,7,13,22
203200,21900133,2,2,5
203487,21900133,1,8,4
203926,21900133,7,13,18
203932,21900133,5,10,13
203933,21900133,9,16,19
203960,21900133,1,1,2
204456,21900133,6,9,12
1627734,21900133,9,18,21
1627763,21900133,9,17,19
1628365,21900133,4,7,8
1628371,21900133,4,9,10
1628388,21900133,1,5,2
1628964,21900133,2,7,5
1628988,21900133,4,9,11
1628993,21900133,0,1,0
101139,21900185,6,10,21
201571,21900185,5,9,13
202329,21900185,2,8,6
202397,21900185,2,7,4
202696,21900185,11,14,30
202722,21900185,5,11,15
202738,21900185,6,13,13
203078,21900185,12,26,34
203082,21900185,4,11,15
203095,21900185,7,13,25
203487,21900185,0,2,0
203932,21900185,5,16,13
1628365,21900185,8,10,19
1628411,21900185,0,0,2
1628418,21900185,6,10,14
1628964,21900185,1,4,2
1628972,21900185,1,5,2
1629021,21900185,5,8,12
1629060,21900185,3,7,6
201959,21900189,2,6,7
201961,21900189,1,1,3
202684,21900189,3,6,9
202688,21900189,4,8,12
202694,21900189,5,13,23
203521,21900189,1,2,5
203903,21900189,5,7,13
203944,21900189,12,17,30
1626171,21900189,3,8,7
1626224,21900189,2,5,5
1627790,21900189,2,4,5
1628035,21900189,4,10,14
1628372,21900189,3,6,8
1628373,21900189,3,7,6
1628422,21900189,5,10,11
1628995,21900189,2,10,6
1629011,21900189,3,7,7
1629012,21900189,5,13,14
1629628,21900189,5,13,15
1629636,21900189,4,9,10
1629645,21900189,6,11,18
1629731,21900189,0,1,0
201144,21900210,6,12,16
201145,21900210,3,8,10
201952,21900210,2,9,12
202711,21900210,9,18,30
203476,21900210,0,3,1
203496,21900210,4,5,11
203497,21900210,5,8,12
203952,21900210,10,24,22
203957,21900210,0,1,0
204060,21900210,1,4,3
1626144,21900210,1,7,2
1626157,21900210,5,10,14
1626203,21900210,3,9,8
1626220,21900210,1,3,3
1627777,21900210,0,1,1
1628378,21900210,9,24,26
1628966,21900210,1,1,3
1629006,21900210,2,6,4
1629103,21900210,4,8,10
1629633,21900210,4,14,10
201565,21900241,1,11,2
201571,21900241,2,7,9
201933,21900241,5,9,17
202329,21900241,1,7,2
202693,21900241,2,5,5
203082,21900241,7,14,19
203083,21900241,3,6,7
203095,21900241,5,16,17
203920,21900241,2,3,6
204038,21900241,4,11,12
1626174,21900241,4,5,12
1627748,21900241,0,1,3
1628365,21900241,7,12,16
1628371,21900241,4,11,10
1628379,21900241,6,11,20
1628411,21900241,1,6,3
1628964,21900241,3,8,6
1628971,21900241,5,11,13
1629004,21900241,4,9,12
201188,21900269,1,6,6
201571,21900269,2,7,6
202329,21900269,2,7,5
203082,21900269,3,9,7
203095,21900269,3,9,19
203920,21900269,2,4,4
203932,21900269,2,11,8
1626178,21900269,2,3,6
1626181,21900269,12,18,33
1626259,21900269,0,2,0
1627783,21900269,4,22,10
1627832,21900269,7,20,22
1628365,21900269,5,12,15
1628371,21900269,4,13,8
1628384,21900269,1,5,2
1628449,21900269,2,4,7
1628964,21900269,4,6,11
1629056,21900269,2,4,4
101150,21900276,2,10,7
200746,21900276,5,13,17
200752,21900276,2,9,6
201158,21900276,2,6,7
201942,21900276,7,16,15
201976,21900276,3,9,10
201988,21900276,5,10,13
202331,21900276,2,11,5
202335,21900276,1,1,3
202695,21900276,8,23,19
203090,21900276,3,5,9
203210,21900276,5,8,16
1626149,21900276,6,12,12
1626168,21900276,4,8,10
1627749,21900276,2,8,4
1627751,21900276,3,4,6
1627826,21900276,3,5,8
1627854,21900276,4,8,12
1628401,21900276,6,10,17
1628476,21900276,0,1,0
1629010,21900276,3,7,8
1629234,21900276,0,1,0
201952,21900286,2,4,13
203109,21900286,4,11,12
203476,21900286,1,4,3
203496,21900286,4,9,13
203524,21900286,4,10,11
203894,21900286,1,1,4
203952,21900286,6,17,18
203998,21900286,5,14,12
1626145,21900286,5,9,12
1626157,21900286,7,20,21
1626203,21900286,1,5,6
1628415,21900286,9,18,26
1628960,21900286,4,9,13
1628966,21900286,4,7,10
1628991,21900286,5,10,12
1629001,21900286,2,10,9
1629006,21900286,1,6,5
1629633,21900286,6,12,14
1629634,21900286,0,3,0
1629741,21900286,3,6,8
1713,21900295,2,5,6
202323,21900295,3,5,8
202692,21900295,5,16,15
203458,21900295,5,7,11
203922,21900295,3,12,6
203953,21900295,4,15,8
1626161,21900295,2,4,4
1626172,21900295,1,3,2
1627737,21900295,4,11,8
1627745,21900295,6,8,16
1627761,21900295,2,5,5
1628981,21900295,0,1,0
1629016,21900295,4,11,10
1629027,21900295,10,19,24
1629065,21900295,5,10,10
1629629,21900295,3,10,8
1629631,21900295,6,14,18
1629672,21900295,9,11,24
1629673,21900295,0,5,0
201571,21900308,2,8,11
201937,21900308,2,9,4
203082,21900308,7,14,22
203095,21900308,9,15,21
203705,21900308,0,1,1
203920,21900308,3,4,7
203932,21900308,13,15,32
203967,21900308,3,7,10
1626162,21900308,3,8,8
1626163,21900308,10,12,23
1626164,21900308,7,16,17
1627767,21900308,6,8,16
1628365,21900308,6,12,13
1628371,21900308,3,9,7
1628411,21900308,2,2,4
1628964,21900308,4,4,10
1628969,21900308,5,8,15
1628975,21900308,0,3,0
1628982,21900308,0,1,0
1629059,21900308,1,2,4
1629660,21900308,2,6,5
1629661,21900308,4,9,12
2544,21900329,11,23,31
2546,21900329,4,13,15
2730,21900329,1,1,5
200765,21900329,2,2,6
201580,21900329,6,7,13
201980,21900329,1,3,3
202355,21900329,8,12,17
203076,21900329,12,21,39
203081,21900329,9,18,29
203145,21900329,3,9,10
203468,21900329,5,13,15
203484,21900329,1,3,5
203584,21900329,3,5,9
203918,21900329,0,1,0
1626188,21900329,1,3,2
1626209,21900329,1,4,4
1627746,21900329,3,4,6
1627936,21900329,2,4,8
1628398,21900329,6,13,15
1629014,21900329,5,10,15
1629642,21900329,1,2,2
201143,21900332,3,4,8
201567,21900332,2,7,6
202684,21900332,5,10,12
202688,21900332,3,7,7
202699,21900332,6,10,15
203089,21900332,3,7,6
203118,21900332,9,12,21
203124,21900332,5,10,10
203504,21900332,9,12,21
203516,21900332,3,6,8
203521,21900332,2,4,4
203526,21900332,4,6,9
203658,21900332,2,3,5
203903,21900332,3,7,10
1626204,21900332,1,4,3
1626224,21900332,1,2,2
1627732,21900332,12,14,34
1627788,21900332,2,5,5
1627790,21900332,2,3,5
1628035,21900332,2,7,5
1629003,21900332,2,6,5
1629012,21900332,3,13,10
1629636,21900332,7,20,17
1629645,21900332,2,5,7
1629680,21900332,0,2,0
101150,21900343,2,19,6
201976,21900343,5,7,11
202331,21900343,10,26,36
202335,21900343,1,5,5
203087,21900343,5,12,12
203090,21900343,3,8,8
203200,21900343,1,9,3
203926,21900343,6,9,17
203933,21900343,2,8,12
204456,21900343,3,9,8
1626149,21900343,12,21,26
1626167,21900343,2,9,5
1627734,21900343,7,18,18
1627763,21900343,7,15,20
1627826,21900343,5,7,13
1628410,21900343,0,1,0
1628476,21900343,1,2,3
1628988,21900343,1,7,4
1629010,21900343,1,2,2
101133,21900352,3,5,9
201587,21900352,0,2,0
202397,21900352,6,13,13
202687,21900352,4,6,13
202722,21900352,11,18,32
203077,21900352,2,5,4
203078,21900352,6,19,16
203469,21900352,5,6,14
1626179,21900352,5,14,17
1628370,21900352,2,6,6
1628970,21900352,6,14,16
1628972,21900352,0,4,4
1628984,21900352,9,19,29
1629021,21900352,3,7,9
1629023,21900352,5,13,15
1629060,21900352,7,16,18
1629067,21900352,0,3,0
1629185,21900352,2,5,6
200746,21900396,7,14,19
200752,21900396,4,9,12
200757,21900396,0,2,0
200782,21900396,3,6,9
201158,21900396,0,5,0
201566,21900396,11,25,31
201935,21900396,10,29,28
201942,21900396,5,13,12
201988,21900396,1,4,4
203085,21900396,1,5,2
203463,21900396,6,11,17
203991,21900396,7,9,15
1626168,21900396,3,6,8
1627749,21900396,8,15,16
1627751,21900396,1,3,2
1627854,21900396,6,12,18
1627863,21900396,2,8,4
1628401,21900396,4,9,16
1629022,21900396,0,1,0
1629109,21900396,0,3,3
200794,21900414,4,9,15
201571,21900414,4,9,18
202696,21900414,7,16,20
203082,21900414,3,8,8
203095,21900414,4,10,13
203115,21900414,4,11,9
203486,21900414,3,6,9
203487,21900414,3,4,6
203914,21900414,3,7,9
203924,21900414,3,8,8
203932,21900414,4,14,9
203999,21900414,7,14,18
1627736,21900414,1,2,3
1627750,21900414,11,19,33
1628365,21900414,4,10,10
1628371,21900414,3,6,7
1628411,21900414,1,1,4
1628420,21900414,2,4,5
1628470,21900414,0,1,0
1628964,21900414,4,9,9
1629008,21900414,2,3,4
2546,21900428,1,6,5
201229,21900428,1,2,3
201571,21900428,6,16,17
202355,21900428,3,9,10
202696,21900428,9,20,23
203081,21900428,13,21,36
203082,21900428,3,11,9
203095,21900428,7,17,16
203145,21900428,4,8,11
203468,21900428,12,20,31
203487,21900428,0,2,0
203920,21900428,0,1,0
203932,21900428,4,17,11
1626209,21900428,0,2,0
1627746,21900428,2,4,8
1628365,21900428,4,7,10
1628371,21900428,3,9,10
1628411,21900428,1,3,2
1628964,21900428,1,2,2
1628982,21900428,1,1,3
1629014,21900428,4,8,8
1629018,21900428,2,4,6
200755,21900459,5,10,15
200794,21900459,0,2,0
201950,21900459,8,18,20
202324,21900459,3,9,8
202734,21900459,4,8,10
203115,21900459,4,9,10
203486,21900459,2,4,4
203914,21900459,6,13,15
203924,21900459,6,10,17
203999,21900459,8,20,23
1626143,21900459,0,1,0
1627736,21900459,5,14,13
1627742,21900459,11,18,31
1627750,21900459,2,10,8
1628366,21900459,4,13,10
1628402,21900459,0,1,0
1628404,21900459,5,10,16
1628420,21900459,2,7,5
1629008,21900459,2,3,5
1629026,21900459,0,1,0
1629637,21900459,1,1,2
101108,21900503,7,15,17
201568,21900503,8,14,20
203457,21900503,5,9,12
203471,21900503,7,17,20
203500,21900503,4,7,10
203552,21900503,3,13,9
203939,21900503,3,5,11
1626153,21900503,2,7,7
1626246,21900503,2,4,4
1627827,21900503,1,8,6
1627846,21900503,1,2,2
1628382,21900503,2,8,8
1628390,21900503,0,3,0
1628467,21900503,5,10,14
1628973,21900503,3,9,7
1628977,21900503,1,4,4
1628983,21900503,6,15,19
1629029,21900503,12,29,35
1629647,21900503,0,5,2
101133,21900504,1,2,2
201571,21900504,7,15,25
202397,21900504,4,10,10
202696,21900504,8,20,20
202738,21900504,3,10,9
203078,21900504,8,20,27
203082,21900504,6,10,15
203095,21900504,7,16,18
203705,21900504,0,1,0
203895,21900504,4,12,15
203920,21900504,3,3,7
1627780,21900504,2,5,4
1628365,21900504,6,12,16
1628371,21900504,1,2,2
1628394,21900504,2,8,4
1628411,21900504,4,7,10
1628518,21900504,0,1,2
1628964,21900504,3,6,7
1628972,21900504,5,12,14
1628982,21900504,0,2,0
1629067,21900504,1,1,4
1629140,21900504,1,1,2
1629620,21900504,0,1,0
1629678,21900504,0,1,0
1629726,21900504,2,4,10
200768,21900510,4,16,15
201586,21900510,9,21,19
201609,21900510,5,13,13
202710,21900510,2,10,8
203086,21900510,3,7,8
1626169,21900510,0,1,0
1626178,21900510,4,8,13
1627775,21900510,1,8,3
1627832,21900510,3,16,7
1627884,21900510,4,13,10
1628384,21900510,5,12,12
1628389,21900510,7,8,15
1628449,21900510,1,1,2
1629056,21900510,1,6,5
1629130,21900510,2,4,6
1629134,21900510,3,14,7
1629639,21900510,5,10,13
1629735,21900510,2,2,4
201565,21900532,10,16,22
202692,21900532,5,13,27
203083,21900532,7,14,14
203110,21900532,0,2,2
203503,21900532,2,3,6
203922,21900532,1,11,4
204025,21900532,4,5,8
204038,21900532,2,6,6
1626161,21900532,2,5,5
1626174,21900532,2,6,9
1627737,21900532,3,6,8
1627748,21900532,0,0,2
1627814,21900532,5,12,14
1628971,21900532,6,11,14
1628980,21900532,2,5,6
1629004,21900532,4,12,14
1629016,21900532,8,11,23
1629065,21900532,1,5,2
1629635,21900532,6,10,16
1629672,21900532,4,7,9
1629673,21900532,2,5,4
101150,21900534,9,18,32
201959,21900534,4,6,11
201976,21900534,3,7,6
202331,21900534,9,14,32
202335,21900534,2,5,6
202694,21900534,13,19,38
203090,21900534,1,4,2
203210,21900534,4,7,11
203493,21900534,4,5,9
203585,21900534,1,2,3
203944,21900534,6,14,16
1626149,21900534,13,21,34
1626171,21900534,2,6,8
1627826,21900534,2,3,4
1628373,21900534,3,7,7
1628443,21900534,4,9,9
1628995,21900534,1,2,2
1629011,21900534,4,5,8
1629013,21900534,1,2,5
1629628,21900534,7,11,24
2594,21900546,0,4,1
101141,21900546,1,2,3
200746,21900546,5,10,17
200752,21900546,6,10,17
201572,21900546,3,6,8
201577,21900546,1,6,2
201588,21900546,6,11,15
201942,21900546,11,15,25
201960,21900546,0,1,0
201988,21900546,6,10,21
202083,21900546,4,7,12
202339,21900546,2,7,8
203114,21900546,5,16,15
203507,21900546,10,22,24
1626168,21900546,2,11,6
1627749,21900546,5,11,13
1627751,21900546,1,1,2
1627854,21900546,2,6,6
1628391,21900546,0,1,0
1628401,21900546,3,6,9
1628425,21900546,0,1,0
1628978,21900546,6,12,16
1629002,21900546,1,1,2
1629022,21900546,3,6,8
201565,21900548,9,21,24
201567,21900548,12,15,30
202684,21900548,3,7,8
202688,21900548,5,9,13
203083,21900548,8,12,23
203503,21900548,7,10,18
203521,21900548,1,3,3
204038,21900548,1,5,3
1626174,21900548,2,7,6
1626224,21900548,7,16,17
1627748,21900548,2,4,5
1627790,21900548,2,3,5
1628971,21900548,3,11,9
1629004,21900548,4,12,12
1629012,21900548,7,19,20
1629635,21900548,6,9,15
1629636,21900548,4,12,14
1629731,21900548,1,1,3
201959,21900561,2,5,4
201961,21900561,4,6,11
202334,21900561,0,1,1
202711,21900561,7,14,20
203493,21900561,4,9,9
203497,21900561,5,5,16
203901,21900561,6,13,13
203903,21900561,5,13,11
204060,21900561,4,10,11
1626144,21900561,8,12,20
1626171,21900561,5,17,13
1626220,21900561,3,5,8
1627777,21900561,4,9,11
1628373,21900561,6,10,16
1628378,21900561,6,11,16
1628396,21900561,6,7,12
1628422,21900561,5,9,11
1628430,21900561,1,2,2
1628443,21900561,1,2,2
1628995,21900561,2,10,6
1629011,21900561,3,4,6
1629628,21900561,3,10,10
1629649,21900561,1,2,3
1629730,21900561,0,1,0
202330,21900578,8,11,19
202683,21900578,10,13,22
202689,21900578,6,12,17
202734,21900578,4,12,10
202954,21900578,2,5,4
203935,21900578,1,4,4
1626143,21900578,3,4,8
1627742,21900578,4,15,16
1627759,21900578,4,15,13
1628366,21900578,4,12,10
1628369,21900578,16,22,41
1628400,21900578,2,3,5
1628402,21900578,9,18,22
1628404,21900578,3,12,7
1628464,21900578,3,7,6
1629035,21900578,1,5,2
1629637,21900578,9,13,20
1629638,21900578,2,10,5
1629740,21900578,2,4,7
1629750,21900578,2,3,7
201609,21900584,3,7,6
201949,21900584,6,7,19
201959,21900584,5,6,14
202710,21900584,8,15,25
203086,21900584,2,3,7
203493,21900584,6,16,16
203901,21900584,5,11,10
203944,21900584,10,22,26
1626171,21900584,1,2,4
1627884,21900584,1,2,3
1628389,21900584,5,7,15
1628422,21900584,1,7,2
1628443,21900584,4,7,10
1628995,21900584,6,8,17
1629011,21900584,1,1,2
1629130,21900584,3,10,11
1629134,21900584,9,15,20
1629628,21900584,7,10,23
1629639,21900584,5,12,15
2772,21900612,1,3,3
202357,21900612,5,12,11
202709,21900612,3,6,7
203084,21900612,10,18,25
203501,21900612,7,15,18
203552,21900612,7,11,21
203939,21900612,8,10,17
1626153,21900612,4,7,8
1627741,21900612,10,23,25
1627812,21900612,3,5,9
1627827,21900612,4,8,15
1628368,21900612,11,17,27
1628382,21900612,3,9,7
1628385,21900612,2,3,4
1628467,21900612,5,9,14
1628963,21900612,5,9,12
1628973,21900612,1,5,2
1629029,21900612,8,18,25
201609,21900644,7,16,18
201949,21900644,9,11,22
202357,21900644,8,13,22
202709,21900644,2,3,4
203084,21900644,3,11,11
203086,21900644,3,6,7
203473,21900644,2,5,6
203482,21900644,2,4,5
203992,21900644,5,15,14
1627741,21900644,7,19,20
1627812,21900644,3,5,7
1627884,21900644,2,3,7
1628368,21900644,7,22,14
1628389,21900644,6,9,16
1628963,21900644,7,13,15
1629130,21900644,4,11,12
1629134,21900644,7,17,25
1629639,21900644,2,6,6
200757,21900685,3,5,6
200782,21900685,1,3,5
201566,21900685,14,29,32
201569,21900685,5,14,19
203085,21900685,5,9,13
203115,21900685,5,8,11
203463,21900685,6,11,15
203914,21900685,3,5,6
203924,21900685,8,12,25
203991,21900685,3,8,9
203999,21900685,9,18,24
1627736,21900685,3,11,10
1627863,21900685,3,9,11
1628408,21900685,0,2,0
1628420,21900685,7,15,17
1628470,21900685,3,10,7
1629008,21900685,6,12,17
201163,21900688,3,4,7
201959,21900688,5,8,11
202066,21900688,4,12,11
202694,21900688,9,18,21
203493,21900688,4,8,10
203901,21900688,4,10,9
203915,21900688,7,17,23
203925,21900688,5,10,11
203944,21900688,10,22,22
1626171,21900688,3,6,6
1627747,21900688,2,12,7
1627752,21900688,4,10,14
1627789,21900688,1,2,3
1628373,21900688,5,9,11
1628386,21900688,2,3,5
1628422,21900688,2,3,4
1628995,21900688,1,2,4
1629011,21900688,6,6,12
1629033,21900688,0,1,0
1629066,21900688,5,9,12
1629651,21900688,1,1,4
201143,21900702,4,11,12
202692,21900702,3,8,12
202699,21900702,6,10,14
203110,21900702,3,8,9
203118,21900702,0,2,0
203516,21900702,1,2,2
203526,21900702,7,10,19
203922,21900702,7,11,20
203954,21900702,9,13,24
1626156,21900702,10,22,28
1627732,21900702,4,11,17
1627737,21900702,6,10,15
1627788,21900702,3,7,8
1627814,21900702,2,8,6
1628980,21900702,1,2,2
1629003,21900702,5,6,11
1629015,21900702,1,5,3
1629016,21900702,2,7,5
1629672,21900702,2,6,4
1629673,21900702,1,5,3
1629680,21900702,2,5,5
2594,21900739,3,5,8
101141,21900739,3,9,8
201572,21900739,7,16,17
201577,21900739,0,1,0
202083,21900739,0,3,2
202339,21900739,5,8,12
203114,21900739,9,15,25
203507,21900739,10,21,30
204020,21900739,0,3,0
1626162,21900739,5,20,15
1626164,21900739,9,15,32
1626192,21900739,3,4,8
1627767,21900739,5,9,11
1628425,21900739,2,3,4
1628969,21900739,2,8,7
1628975,21900739,6,10,15
1628978,21900739,6,12,15
1629028,21900739,10,27,20
1629059,21900739,1,4,2
1629607,21900739,0,1,0
1629665,21900739,2,3,4
1629745,21900739,1,4,2
200768,21900758,12,21,32
201586,21900758,13,21,30
203087,21900758,2,9,5
203200,21900758,7,12,22
203506,21900758,5,14,13
203926,21900758,6,10,19
204456,21900758,4,4,9
1626167,21900758,3,6,6
1626178,21900758,0,1,0
1627734,21900758,4,7,15
1627763,21900758,10,14,24
1627775,21900758,1,2,4
1627783,21900758,7,18,25
1627832,21900758,4,10,10
1628384,21900758,0,1,0
1628449,21900758,2,3,7
1628988,21900758,2,6,5
1629056,21900758,4,9,11
200755,21900765,7,14,18
201152,21900765,5,10,11
201950,21900765,4,11,9
202324,21900765,4,5,8
202734,21900765,3,8,8
203107,21900765,4,10,9
203897,21900765,8,19,22
1626143,21900765,1,2,2
1626245,21900765,1,4,5
1627742,21900765,5,10,15
1627853,21900765,5,6,13
1627885,21900765,5,8,11
1628366,21900765,3,5,9
1628402,21900765,1,2,2
1628404,21900765,4,7,12
1628436,21900765,1,1,3
1628990,21900765,6,14,16
1629627,21900765,9,11,21
1629632,21900765,5,15,14
1629637,21900765,3,4,9
1629690,21900765,6,6,15
1629740,21900765,5,8,12
201565,21900808,1,13,2
202693,21900808,5,7,14
202696,21900808,9,21,19
202704,21900808,5,16,12
203082,21900808,2,12,5
203095,21900808,6,13,19
203487,21900808,0,2,0
203503,21900808,6,8,16
203516,21900808,2,4,7
203920,21900808,4,5,8
203932,21900808,8,15,25
204038,21900808,4,11,11
1626174,21900808,9,14,26
1627748,21900808,6,9,18
1628365,21900808,8,14,22
1628411,21900808,5,6,11
1628971,21900808,1,2,2
1629004,21900808,2,6,8
1629109,21900808,0,4,0
1629635,21900808,1,6,3
201144,21900855,4,6,8
201937,21900855,6,13,22
202711,21900855,4,10,16
203382,21900855,4,10,9
203497,21900855,3,5,13
203903,21900855,5,11,14
203967,21900855,5,5,14
204060,21900855,2,7,9
1626144,21900855,1,3,4
1626162,21900855,7,13,18
1626164,21900855,8,18,24
1626220,21900855,1,2,5
1627767,21900855,1,2,2
1627777,21900855,0,3,0
1628378,21900855,11,19,38
1628396,21900855,1,1,4
1628969,21900855,3,3,8
1628975,21900855,3,8,8
1629028,21900855,8,9,16
1629059,21900855,0,2,0
1629660,21900855,1,1,2
1629661,21900855,3,3,8
1629752,21900855,0,1,0
2544,21900861,17,27,40
2730,21900861,1,1,2
200755,21900861,0,0,3
200765,21900861,0,4,0
201580,21900861,1,2,2
201950,21900861,5,19,11
201980,21900861,6,10,17
202324,21900861,4,5,8
202340,21900861,0,8,0
202693,21900861,1,3,4
202734,21900861,0,1,0
203076,21900861,6,21,21
203484,21900861,6,11,15
1627742,21900861,12,20,34
1627936,21900861,3,5,8
1628366,21900861,4,11,10
1628398,21900861,4,10,9
1628404,21900861,1,4,3
1629627,21900861,8,18,29
1629740,21900861,5,8,11
1713,21900867,1,1,2
201571,21900867,3,7,9
201952,21900867,3,7,12
202696,21900867,8,15,17
203082,21900867,4,14,14
203095,21900867,11,18,28
203487,21900867,1,6,2
203516,21900867,5,11,12
203932,21900867,9,14,25
1627745,21900867,0,1,0
1628365,21900867,4,8,8
1628381,21900867,11,19,26
1628964,21900867,4,7,15
1628981,21900867,5,7,10
1628989,21900867,5,12,13
1629027,21900867,10,27,37
1629164,21900867,2,2,4
1629629,21900867,5,10,14
1629631,21900867,0,8,2
201567,21900890,6,9,20
203083,21900890,12,21,27
203200,21900890,1,3,2
203506,21900890,7,15,19
203521,21900890,2,3,4
203926,21900890,3,6,9
203933,21900890,14,20,30
204456,21900890,0,4,0
1626167,21900890,4,9,10
1626204,21900890,1,4,5
1626224,21900890,3,6,8
1627734,21900890,8,13,18
1627763,21900890,9,13,22
1628988,21900890,1,3,3
1629012,21900890,7,16,16
1629048,21900890,0,1,0
1629636,21900890,5,13,10
1629645,21900890,5,13,14
202397,21900901,3,9,6
202722,21900901,9,14,29
203078,21900901,10,24,34
203894,21900901,3,5,9
203952,21900901,9,19,27
1627733,21900901,4,12,8
1627737,21900901,6,8,12
1627780,21900901,1,2,2
1627814,21900901,4,11,10
1628394,21900901,1,1,3
1628418,21900901,5,6,12
1628539,21900901,6,10,17
1628972,21900901,0,4,2
1629010,21900901,2,5,6
1629060,21900901,4,8,15
1629067,21900901,2,4,6
1629308,21900901,1,6,2
1629672,21900901,7,14,17
1629673,21900901,5,9,17
200794,21900913,6,9,18
203115,21900913,8,18,18
203486,21900913,7,8,16
203914,21900913,4,7,8
203924,21900913,1,4,3
203952,21900913,9,16,22
203999,21900913,7,15,16
1626184,21900913,0,1,0
1627733,21900913,5,9,14
1627737,21900913,7,12,16
1627750,21900913,3,14,14
1627814,21900913,1,9,4
1628420,21900913,2,6,4
1628539,21900913,5,11,15
1629008,21900913,1,6,3
1629308,21900913,3,4,8
1629672,21900913,8,13,22
1629673,21900913,4,7,15
201144,21900921,6,9,17
201959,21900921,1,2,2
201961,21900921,1,6,3
202711,21900921,7,15,23
203090,21900921,1,4,2
203493,21900921,2,4,4
203497,21900921,7,8,18
203901,21900921,8,13,20
203903,21900921,2,6,7
203944,21900921,12,21,32
204060,21900921,3,4,8
1626144,21900921,1,2,2
1626171,21900921,8,15,21
1626220,21900921,1,8,3
1627777,21900921,1,2,3
1628373,21900921,2,3,4
1628378,21900921,9,21,23
1628396,21900921,4,4,8
1628995,21900921,1,5,2
1629628,21900921,5,12,14
1629671,21900921,0,2,0
1713,21900969,2,5,5
201952,21900969,5,7,15
201959,21900969,4,6,9
201961,21900969,0,3,0
203090,21900969,6,13,14
203473,21900969,3,8,6
203901,21900969,4,8,11
203944,21900969,13,22,33
1626171,21900969,3,7,7
1626203,21900969,2,4,5
1628373,21900969,1,7,8
1628381,21900969,9,20,22
1628981,21900969,1,3,2
1628989,21900969,4,9,8
1628995,21900969,3,7,12
1629011,21900969,7,7,16
1629027,21900969,12,25,42
1629628,21900969,9,14,26
1629629,21900969,5,13,11
1629631,21900969,5,12,15
200755,21901231,7,15,21
201144,21901231,7,16,20
201950,21901231,9,18,20
202324,21901231,1,3,2
202734,21901231,3,7,8
203497,21901231,5,9,14
203903,21901231,8,17,23
204060,21901231,4,7,13
1626144,21901231,0,2,0
1626220,21901231,5,11,12
1627742,21901231,7,20,23
1627777,21901231,0,6,0
1628366,21901231,2,13,4
1628378,21901231,6,14,20
1628396,21901231,2,2,4
1628404,21901231,4,7,10
1629627,21901231,6,8,13
1629637,21901231,1,2,3
1629740,21901231,0,1,0
2544,21901232,6,19,16
2730,21901232,0,0,1
2747,21901232,0,1,0
201149,21901232,0,0,1
201580,21901232,3,4,6
201976,21901232,3,7,12
201980,21901232,2,6,6
202331,21901232,11,17,30
202335,21901232,2,2,5
202694,21901232,0,4,0
202695,21901232,7,16,28
202704,21901232,3,10,10
203076,21901232,8,19,34
203079,21901232,5,10,11
203210,21901232,3,6,8
203484,21901232,2,8,6
1627826,21901232,1,3,2
1627936,21901232,2,7,7
1628398,21901232,4,8,16
1629013,21901232,1,8,2
1629599,21901232,1,1,3
201571,21901233,5,9,11
202066,21901233,1,5,3
202498,21901233,2,4,6
202696,21901233,8,12,22
203082,21901233,3,8,8
203095,21901233,10,15,24
203487,21901233,2,9,6
203516,21901233,2,2,8
203920,21901233,3,6,12
203925,21901233,6,11,14
203932,21901233,2,5,10
204020,21901233,2,8,11
1626147,21901233,0,2,0
1627747,21901233,7,17,17
1627789,21901233,8,12,24
1628365,21901233,4,9,8
1628371,21901233,6,7,16
1628386,21901233,7,9,14
1628964,21901233,0,3,0
1629058,21901233,2,2,5
1629066,21901233,2,4,7
1629109,21901233,1,2,3
1629185,21901233,1,6,2
1629725,21901233,3,8,7
1629743,21901233,3,3,8
201937,21901235,3,7,15
202397,21901235,8,18,17
203894,21901235,4,13,12
203967,21901235,4,6,16
1626163,21901235,1,4,2
1626164,21901235,8,21,27
1626166,21901235,4,7,9
1626170,21901235,2,2,5
1628418,21901235,4,12,10
1628969,21901235,4,8,13
1628972,21901235,6,11,15
1628975,21901235,2,5,7
1629010,21901235,7,9,20
1629021,21901235,1,3,2
1629028,21901235,11,14,24
1629060,21901235,8,15,21
1629067,21901235,2,6,9
1629140,21901235,0,0,1
1629661,21901235,5,8,12
1629678,21901235,0,2,0
2544,21901243,7,15,20
2730,21901243,2,2,5
2747,21901243,0,1,0
200768,21901243,8,16,33
201188,21901243,3,7,8
201580,21901243,1,3,3
201586,21901243,2,6,4
201980,21901243,0,7,0
202693,21901243,3,10,6
203076,21901243,2,7,14
203079,21901243,4,11,12
203484,21901243,2,7,5
1626178,21901243,0,1,0
1626181,21901243,3,12,8
1627783,21901243,5,17,15
1627832,21901243,5,11,13
1627936,21901243,3,6,11
1628384,21901243,8,9,23
1628398,21901243,5,13,16
1628449,21901243,0,1,0
1629056,21901243,1,2,3
1629744,21901243,0,2,0
2546,21901245,5,14,13
202330,21901245,6,10,22
202355,21901245,2,2,5
202683,21901245,4,7,11
202689,21901245,5,6,14
203081,21901245,8,20,30
203468,21901245,7,17,17
203935,21901245,0,4,3
203994,21901245,12,20,30
1626209,21901245,1,2,2
1627759,21901245,10,18,30
1628369,21901245,11,22,34
1628380,21901245,3,3,6
1628400,21901245,1,3,3
1628464,21901245,4,4,9
1629018,21901245,7,12,21
1629684,21901245,1,3,2
201147,21901247,2,4,4
201571,21901247,3,5,10
202357,21901247,1,4,2
202696,21901247,9,14,23
202709,21901247,0,2,0
203082,21901247,6,10,25
203084,21901247,4,8,12
203095,21901247,2,6,4
203145,21901247,3,7,8
203487,21901247,3,6,12
203516,21901247,3,10,8
203920,21901247,0,1,5
203932,21901247,8,12,22
203953,21901247,1,5,4
203992,21901247,4,13,12
1626158,21901247,5,7,12
1627741,21901247,5,13,12
1627812,21901247,1,2,2
1628365,21901247,6,9,14
1628368,21901247,5,10,13
1628371,21901247,1,3,4
1628385,21901247,9,11,23
1628411,21901247,1,3,2
1628964,21901247,0,1,0
1629109,21901247,1,2,3
1629610,21901247,5,5,12
201937,21901249,7,17,20
203501,21901249,1,12,2
203504,21901249,2,6,4
203552,21901249,6,11,16
203967,21901249,5,8,13
204001,21901249,10,20,30
1626153,21901249,1,5,6
1626163,21901249,3,6,8
1626164,21901249,10,20,30
1626166,21901249,4,10,10
1626246,21901249,4,6,8
1627827,21901249,2,8,5
1628467,21901249,1,4,2
1628499,21901249,0,1,2
1628969,21901249,2,9,4
1628975,21901249,2,4,6
1629028,21901249,3,8,7
1629029,21901249,11,20,40
1629661,21901249,6,11,19
2738,21901250,1,5,2
200768,21901250,2,8,14
201188,21901250,1,2,6
201586,21901250,7,12,15
201609,21901250,9,14,25
202710,21901250,4,9,16
203109,21901250,6,14,16
203482,21901250,6,13,17
1626181,21901250,3,9,7
1627783,21901250,7,14,22
1627832,21901250,8,16,36
1628384,21901250,1,5,7
1628389,21901250,5,9,10
1629056,21901250,0,1,0
1629130,21901250,1,5,3
1629134,21901250,0,7,2
1629639,21901250,5,11,12
202397,21901252,5,13,12
203200,21901252,1,3,2
203894,21901252,6,11,16
203926,21901252,2,6,4
203933,21901252,14,26,34
203960,21901252,3,5,8
204456,21901252,2,5,4
1626167,21901252,7,13,17
1627763,21901252,6,18,20
1628410,21901252,2,4,5
1628418,21901252,9,12,20
1628972,21901252,4,11,10
1628988,21901252,7,12,17
1629010,21901252,7,18,17
1629021,21901252,2,8,5
1629060,21901252,4,12,9
1629067,21901252,3,6,8
1629678,21901252,1,3,3
200755,21901253,5,11,16
201229,21901253,1,2,3
201950,21901253,6,12,15
202324,21901253,1,4,2
202685,21901253,5,9,13
203937,21901253,2,9,5
1627742,21901253,8,16,24
1628366,21901253,2,7,7
1628402,21901253,0,1,0
1628404,21901253,5,6,15
1628415,21901253,5,13,15
1628960,21901253,6,10,17
1628991,21901253,7,17,22
1629001,21901253,1,4,3
1629627,21901253,9,21,23
1629630,21901253,5,21,11
1629634,21901253,5,8,10
1629637,21901253,0,0,2
1629740,21901253,1,4,5
200752,21901254,9,15,24
201143,21901254,4,7,9
201942,21901254,11,20,30
201988,21901254,3,7,8
202692,21901254,1,1,3
202699,21901254,10,17,25
203092,21901254,1,4,2
203526,21901254,2,3,8
203954,21901254,9,17,27
1626196,21901254,5,15,19
1627732,21901254,4,6,8
1627749,21901254,4,14,13
1627751,21901254,2,4,4
1627788,21901254,3,7,12
1628401,21901254,6,11,20
1629003,21901254,6,9,16
1629022,21901254,2,5,5
1629234,21901254,3,5,6
1629640,21901254,4,6,15
1629680,21901254,2,5,5
1629683,21901254,1,2,3
2544,21901255,9,16,22
2730,21901255,4,4,11
2747,21901255,1,3,4
201144,21901255,8,17,24
201162,21901255,0,1,0
201580,21901255,0,1,0
201980,21901255,4,7,8
203076,21901255,13,28,42
203079,21901255,2,6,7
203484,21901255,4,7,10
203497,21901255,6,6,16
203903,21901255,2,13,6
204060,21901255,2,5,5
1626144,21901255,3,5,7
1626220,21901255,2,7,5
1627777,21901255,2,5,4
1627936,21901255,1,3,3
1628378,21901255,9,22,33
1628396,21901255,2,2,5
1628398,21901255,3,6,9
1629752,21901255,1,1,3
2037,21901256,2,4,5
2594,21901256,4,6,13
101107,21901256,2,3,6
101141,21901256,4,6,11
201577,21901256,1,4,2
201588,21901256,3,4,7
202066,21901256,7,15,19
202339,21901256,1,5,8
202498,21901256,2,7,6
203114,21901256,3,8,8
203507,21901256,7,8,16
204020,21901256,4,13,11
1626147,21901256,4,7,11
1626192,21901256,3,6,8
1627789,21901256,8,12,26
1628391,21901256,3,11,8
1628412,21901256,4,9,11
1628425,21901256,2,8,7
1628978,21901256,5,10,11
1629058,21901256,3,7,8
1629066,21901256,4,11,10
1629185,21901256,4,13,10
1629725,21901256,3,10,9
1629743,21901256,2,4,4
101150,21901258,3,8,7
201937,21901258,7,14,18
201976,21901258,2,3,4
202331,21901258,6,17,23
202335,21901258,1,5,3
202694,21901258,6,8,16
202695,21901258,10,21,27
202704,21901258,2,5,5
203210,21901258,4,6,10
203967,21901258,4,9,13
1626163,21901258,1,3,3
1626164,21901258,13,25,35
1626166,21901258,5,9,12
1627826,21901258,7,9,18
1628969,21901258,3,6,9
1628975,21901258,0,2,0
1629013,21901258,1,3,2
1629028,21901258,9,18,19
1629661,21901258,3,10,8
2738,21901260,2,6,6
201609,21901260,6,12,20
202330,21901260,5,13,15
202683,21901260,5,6,10
202689,21901260,4,9,15
202954,21901260,3,7,8
203109,21901260,3,5,8
203482,21901260,4,11,15
203935,21901260,0,5,3
1627759,21901260,9,23,18
1627884,21901260,2,3,6
1628369,21901260,6,11,23
1628389,21901260,5,12,21
1628400,21901260,1,6,3
1628464,21901260,4,5,11
1629130,21901260,6,12,21
1629134,21901260,2,6,4
1629639,21901260,4,10,11
2546,21901261,5,14,15
200782,21901261,2,7,6
201145,21901261,7,15,22
201566,21901261,5,14,15
201935,21901261,7,17,23
202355,21901261,4,5,9
203081,21901261,6,19,21
203085,21901261,2,4,5
203463,21901261,3,5,8
203468,21901261,8,18,20
203496,21901261,2,11,6
203994,21901261,6,15,18
1627863,21901261,6,14,17
1628380,21901261,4,9,8
1629014,21901261,1,4,3
1629018,21901261,5,11,16
201144,21901262,6,13,23
201229,21901262,2,2,6
202685,21901262,8,17,21
203476,21901262,1,4,2
203497,21901262,5,9,21
203903,21901262,6,14,14
203937,21901262,5,9,12
204060,21901262,7,13,25
1626144,21901262,0,1,0
1626220,21901262,4,8,15
1627777,21901262,1,5,3
1628378,21901262,7,18,18
1628396,21901262,2,2,4
1628415,21901262,7,17,23
1628960,21901262,7,10,20
1629001,21901262,2,10,5
1629630,21901262,8,15,20
1629634,21901262,3,7,6
1629730,21901262,0,1,1
201143,21901263,1,3,2
202397,21901263,5,14,12
202692,21901263,3,5,9
202699,21901263,8,18,18
203894,21901263,3,4,9
203954,21901263,11,20,29
1626196,21901263,5,9,15
1627732,21901263,2,10,8
1627788,21901263,3,6,10
1628418,21901263,8,17,19
1628972,21901263,7,16,17
1629003,21901263,4,7,14
1629010,21901263,5,11,19
1629021,21901263,2,6,5
1629060,21901263,2,11,8
1629067,21901263,3,5,6
1629678,21901263,1,1,3
1629680,21901263,1,4,2
200752,21901264,9,18,24
200794,21901264,2,6,7
201942,21901264,5,11,18
201988,21901264,6,10,14
203486,21901264,2,2,4
203584,21901264,2,4,5
203924,21901264,8,14,22
203999,21901264,10,17,25
1627749,21901264,2,8,4
1627751,21901264,1,5,2
1628401,21901264,6,15,23
1628408,21901264,4,8,12
1628420,21901264,8,13,19
1628470,21901264,3,8,8
1629008,21901264,11,19,30
1629022,21901264,4,7,9
1629234,21901264,6,8,12
1629640,21901264,7,10,20
1629683,21901264,0,1,0
2544,21901265,7,19,19
2747,21901265,0,3,0
101108,21901265,8,12,21
201162,21901265,0,1,0
201568,21901265,5,13,19
201580,21901265,3,4,6
201980,21901265,3,8,9
202693,21901265,2,6,5
203076,21901265,3,11,9
203079,21901265,5,13,14
203457,21901265,0,1,0
203460,21901265,2,4,4
203484,21901265,2,5,5
203500,21901265,7,10,18
1626188,21901265,1,5,2
1627846,21901265,2,5,7
1627936,21901265,2,6,7
1628398,21901265,3,7,10
1628977,21901265,3,4,7
1628983,21901265,3,11,13
1628985,21901265,0,1,0
1629647,21901265,0,7,2
1629652,21901265,4,11,14
2594,21901269,0,5,0
2738,21901269,4,8,12
101107,21901269,1,3,2
101141,21901269,0,1,0
201572,21901269,4,9,17
201588,21901269,1,3,9
202083,21901269,3,4,9
202339,21901269,3,8,9
203109,21901269,5,8,15
203114,21901269,9,14,33
203482,21901269,2,8,13
203507,21901269,13,17,33
203524,21901269,1,4,3
1626192,21901269,4,8,11
1627884,21901269,3,4,12
1628389,21901269,2,10,6
1628425,21901269,2,2,5
1628978,21901269,1,4,2
1629130,21901269,7,11,21
1629134,21901269,5,17,14
1629639,21901269,6,12,20
1629734,21901269,0,1,0
201937,21901270,5,12,13
203200,21901270,1,7,3
203506,21901270,4,11,16
203933,21901270,7,20,16
203967,21901270,4,9,16
204456,21901270,4,7,8
1626163,21901270,0,3,0
1626164,21901270,6,12,20
1626166,21901270,6,9,15
1626167,21901270,7,12,17
1627763,21901270,9,16,25
1628388,21901270,1,1,2
1628513,21901270,0,1,0
1628969,21901270,5,9,10
1628975,21901270,1,6,3
1628988,21901270,3,6,9
1629028,21901270,11,18,23
1629048,21901270,1,4,3
1629660,21901270,0,1,0
1629661,21901270,5,13,14
101150,21901271,3,9,6
202331,21901271,10,21,24
202335,21901271,2,4,6
202694,21901271,5,7,16
202695,21901271,10,23,29
202704,21901271,3,6,7
203210,21901271,4,4,10
203501,21901271,3,9,8
203504,21901271,5,15,11
203585,21901271,1,2,2
204001,21901271,9,19,30
1626153,21901271,1,2,4
1626246,21901271,1,2,2
1627826,21901271,10,10,21
1627827,21901271,5,9,12
1628382,21901271,2,4,5
1628467,21901271,3,6,10
1629013,21901271,2,6,5
1629029,21901271,10,21,29
2546,21901272,2,8,7
202355,21901272,1,5,2
203081,21901272,13,21,45
203468,21901272,4,15,13
203486,21901272,5,9,13
203924,21901272,7,11,18
203994,21901272,9,20,22
203999,21901272,3,8,8
1628380,21901272,3,6,7
1628408,21901272,5,11,13
1628420,21901272,4,10,11
1628470,21901272,5,7,13
1628966,21901272,1,3,3
1629008,21901272,10,18,27
1629014,21901272,1,2,2
1629018,21901272,10,15,27
1629626,21901272,4,7,9
2730,21901273,2,4,8
2747,21901273,1,4,2
200782,21901273,2,6,6
201145,21901273,6,13,15
201162,21901273,1,1,2
201935,21901273,11,19,39
201980,21901273,5,7,10
202693,21901273,1,3,3
203076,21901273,5,8,17
203079,21901273,2,10,8
203085,21901273,2,10,11
203463,21901273,7,13,20
203484,21901273,4,7,10
203496,21901273,3,7,8
1626187,21901273,0,3,0
1626188,21901273,2,11,6
1627863,21901273,5,13,14
1628398,21901273,8,16,21
1629659,21901273,4,6,10
200752,21901274,5,9,14
201158,21901274,2,6,8
201942,21901274,4,10,13
202334,21901274,0,2,0
203903,21901274,8,18,24
204060,21901274,4,8,12
1626144,21901274,4,13,14
1627749,21901274,4,10,11
1627751,21901274,9,12,19
1627777,21901274,3,11,7
1628396,21901274,7,9,15
1628401,21901274,8,15,24
1629022,21901274,6,15,14
1629234,21901274,4,5,8
1629625,21901274,3,8,8
1629640,21901274,1,2,4
1629671,21901274,4,9,14
1629683,21901274,2,5,4
1629714,21901274,3,8,8
1629730,21901274,1,3,5
1629752,21901274,1,2,4
200755,21901278,5,14,15
201950,21901278,11,16,28
202324,21901278,5,8,12
202397,21901278,7,16,18
202734,21901278,2,4,5
203894,21901278,3,6,9
1626170,21901278,0,3,0
1627742,21901278,4,15,17
1628366,21901278,1,7,2
1628402,21901278,6,10,13
1628404,21901278,2,7,10
1628418,21901278,9,18,22
1628972,21901278,6,16,20
1629010,21901278,2,8,6
1629021,21901278,0,1,2
1629060,21901278,10,16,23
1629067,21901278,1,4,7
1629637,21901278,2,2,6
1629678,21901278,0,2,0
1629740,21901278,4,5,10
2546,21901280,8,15,21
101150,21901280,5,10,12
202331,21901280,8,16,21
202335,21901280,3,3,8
202694,21901280,6,13,15
202704,21901280,6,14,17
203081,21901280,10,23,22
203210,21901280,3,7,13
203468,21901280,11,21,29
203585,21901280,3,4,7
203994,21901280,3,8,10
1626209,21901280,1,2,4
1627826,21901280,2,5,9
1628380,21901280,3,5,7
1629013,21901280,6,12,19
1629014,21901280,1,3,2
1629018,21901280,7,13,22
1629611,21901280,0,1,1
2544,21901282,13,24,31
2730,21901282,3,5,10
201162,21901282,1,4,2
201580,21901282,2,3,5
203076,21901282,3,14,8
203200,21901282,1,5,3
203484,21901282,3,7,8
203506,21901282,9,17,22
203926,21901282,1,5,3
203933,21901282,15,22,39
203960,21901282,2,4,4
204456,21901282,0,3,0
1626167,21901282,2,8,7
1626188,21901282,8,14,21
1627763,21901282,8,13,24
1627936,21901282,2,8,5
1628398,21901282,3,14,11
1628988,21901282,3,3,7
1629048,21901282,3,4,7
1629659,21901282,4,7,10
101108,21901285,4,9,13
201568,21901285,6,8,20
202397,21901285,3,7,10
203488,21901285,5,11,14
1626170,21901285,3,8,6
1627784,21901285,2,3,4
1627846,21901285,3,6,6
1628390,21901285,1,6,3
1628418,21901285,2,8,9
1628972,21901285,5,14,12
1628977,21901285,5,7,13
1628983,21901285,6,12,18
1629010,21901285,7,15,19
1629021,21901285,5,8,12
1629060,21901285,4,11,11
1629067,21901285,5,12,14
1629126,21901285,1,1,2
1629140,21901285,1,2,3
1629647,21901285,8,13,23
1629652,21901285,4,11,9
1629678,21901285,1,4,3
200752,21901287,5,11,19
200755,21901287,10,16,31
201158,21901287,3,11,14
201942,21901287,10,16,27
201950,21901287,2,12,7
202324,21901287,5,8,10
202734,21901287,1,3,2
1627742,21901287,6,14,17
1627749,21901287,5,14,18
1627751,21901287,2,4,4
1628366,21901287,2,10,5
1628401,21901287,6,11,16
1628402,21901287,2,5,5
1628404,21901287,0,1,0
1629022,21901287,3,13,7
1629234,21901287,4,6,8
1629627,21901287,10,20,25
1629637,21901287,2,2,6
1629638,21901287,1,2,3
1629640,21901287,2,3,9
1629740,21901287,1,3,2
201571,21901288,3,12,12
202330,21901288,12,18,31
202683,21901288,1,4,4
202689,21901288,1,9,4
202696,21901288,11,27,26
202954,21901288,3,5,10
203082,21901288,6,17,18
203516,21901288,4,7,10
203920,21901288,0,0,4
203935,21901288,3,10,8
1627759,21901288,7,19,19
1628365,21901288,7,18,16
1628369,21901288,10,24,29
1628400,21901288,1,4,3
1628411,21901288,2,7,9
1628464,21901288,3,4,6
1628982,21901288,3,5,8
1629057,21901288,4,5,8
1629109,21901288,5,8,15
1629724,21901288,0,1,1
2546,21901289,6,13,20
201143,21901289,6,9,15
202692,21901289,8,14,20
202699,21901289,7,19,16
203081,21901289,16,28,51
203118,21901289,4,7,9
203124,21901289,0,2,0
203468,21901289,7,17,16
203658,21901289,0,1,1
203922,21901289,2,5,4
203954,21901289,1,6,2
203994,21901289,5,9,15
1626196,21901289,13,20,34
1626209,21901289,5,10,12
1627788,21901289,1,1,7
1628380,21901289,1,3,2
1629003,21901289,4,10,11
1629014,21901289,0,1,0
1629018,21901289,2,8,5
1629117,21901289,1,2,3
1629680,21901289,1,3,2
101150,21901291,5,13,18
202066,21901291,6,14,19
202335,21901291,3,5,8
202694,21901291,6,9,15
202695,21901291,14,25,39
202704,21901291,2,9,5
203210,21901291,3,8,8
203585,21901291,2,3,4
203925,21901291,10,16,25
204020,21901291,6,11,21
1626147,21901291,1,1,3
1627747,21901291,10,17,27
1627789,21901291,1,3,3
1627826,21901291,4,8,8
1628386,21901291,7,9,16
1629013,21901291,0,6,1
1629066,21901291,3,6,7
1629185,21901291,3,8,8
1629611,21901291,6,7,14
101108,21901292,3,9,14
201937,21901292,2,5,7
203460,21901292,3,7,7
203488,21901292,4,8,11
203967,21901292,7,12,16
1626163,21901292,0,1,0
1626164,21901292,9,17,35
1626166,21901292,4,12,14
1627767,21901292,0,1,2
1627846,21901292,6,9,15
1628390,21901292,1,5,2
1628969,21901292,6,14,18
1628975,21901292,3,3,8
1628977,21901292,4,13,9
1628985,21901292,1,4,3
1628987,21901292,3,6,8
1629028,21901292,5,10,10
1629126,21901292,0,5,2
1629647,21901292,8,16,22
1629652,21901292,2,8,8
1629660,21901292,0,3,0
1629661,21901292,6,11,18
200826,21901293,7,13,18
201144,21901293,3,7,9
202334,21901293,3,4,7
203497,21901293,3,5,9
203501,21901293,11,15,27
203504,21901293,5,10,14
203552,21901293,8,11,22
203903,21901293,6,9,18
204060,21901293,3,7,7
1626144,21901293,6,12,14
1626153,21901293,2,4,4
1626220,21901293,0,4,0
1626246,21901293,7,11,20
1627777,21901293,4,5,13
1628382,21901293,1,5,2
1628396,21901293,2,2,5
1628467,21901293,5,9,11
1628499,21901293,0,3,0
1629625,21901293,2,5,7
1629671,21901293,2,8,5
1629714,21901293,1,7,3
1629729,21901293,2,4,4
1629730,21901293,4,7,17
2738,21901295,0,4,0
201609,21901295,5,16,11
202710,21901295,5,13,19
203109,21901295,5,8,14
203200,21901295,2,8,7
203482,21901295,3,11,8
203506,21901295,4,9,14
203926,21901295,4,11,9
203933,21901295,5,14,12
203960,21901295,1,2,4
204456,21901295,3,4,7
1626167,21901295,3,7,9
1627763,21901295,4,12,12
1627884,21901295,9,11,18
1628389,21901295,4,10,10
1628410,21901295,2,4,5
1628988,21901295,3,8,8
1628993,21901295,1,3,3
1629048,21901295,1,2,2
1629130,21901295,5,11,14
1629216,21901295,1,3,3
1629639,21901295,7,11,17
201571,21901297,1,8,6
202498,21901297,4,5,12
202696,21901297,5,15,12
203516,21901297,3,4,12
203920,21901297,4,7,12
204020,21901297,5,10,14
1626147,21901297,1,15,2
1627789,21901297,8,12,24
1628365,21901297,7,18,18
1628411,21901297,5,11,18
1628982,21901297,2,4,4
1629058,21901297,5,15,17
1629066,21901297,1,4,2
1629109,21901297,1,2,2
1629168,21901297,2,8,8
1629185,21901297,1,6,3
1629724,21901297,2,6,4
1629725,21901297,8,15,24
1629743,21901297,5,7,10
200752,21901298,5,11,13
200782,21901298,1,5,3
201145,21901298,6,9,17
201158,21901298,5,11,13
201566,21901298,8,17,20
201942,21901298,9,13,23
201960,21901298,2,5,6
203085,21901298,5,12,13
203463,21901298,6,16,16
203496,21901298,2,9,6
203998,21901298,2,3,5
1626187,21901298,1,5,6
1627749,21901298,5,10,11
1627751,21901298,6,7,14
1628401,21901298,2,9,7
1629002,21901298,1,1,2
1629022,21901298,4,12,12
1629234,21901298,1,4,4
1629598,21901298,3,8,13
1629640,21901298,8,12,24
1629677,21901298,0,2,0
1629683,21901298,0,1,0
201937,21901299,6,11,16
202692,21901299,9,17,23
203118,21901299,7,12,17
203124,21901299,4,6,9
203526,21901299,9,18,22
203658,21901299,2,4,4
203922,21901299,5,9,15
203967,21901299,7,9,18
1626163,21901299,6,8,13
1626164,21901299,11,24,35
1626166,21901299,3,6,7
1627788,21901299,3,11,12
1628969,21901299,8,10,24
1628975,21901299,1,1,3
1629003,21901299,4,12,8
1629028,21901299,4,10,8
1629661,21901299,3,10,6
1629680,21901299,3,4,7
2594,21901303,1,6,3
101141,21901303,1,6,3
201572,21901303,9,11,24
201577,21901303,3,6,8
201588,21901303,2,8,5
202397,21901303,8,15,19
203507,21901303,1,3,12
203648,21901303,4,8,8
1626170,21901303,0,3,0
1626192,21901303,3,7,10
1627784,21901303,1,1,3
1628391,21901303,4,6,11
1628394,21901303,4,9,10
1628412,21901303,7,10,19
1628418,21901303,5,9,13
1628425,21901303,9,16,23
1628972,21901303,3,15,9
1629010,21901303,4,11,15
1629021,21901303,1,3,6
1629060,21901303,6,18,20
1629067,21901303,5,6,10
1629140,21901303,0,0,1
1629678,21901303,2,5,7
200782,21901304,1,6,3
201145,21901304,5,12,14
201569,21901304,5,15,13
201935,21901304,13,21,45
201960,21901304,0,2,3
203085,21901304,1,9,3
203200,21901304,6,10,18
203463,21901304,2,9,7
203496,21901304,3,8,11
203506,21901304,7,26,16
203926,21901304,6,7,16
203960,21901304,3,3,9
204456,21901304,3,9,6
1626167,21901304,5,14,18
1626187,21901304,1,3,2
1628410,21901304,6,11,17
1628988,21901304,1,11,2
1628993,21901304,1,3,2
1629048,21901304,2,6,4
1629598,21901304,1,1,3
2738,21901306,0,4,0
101108,21901306,4,12,12
201568,21901306,2,10,14
201609,21901306,7,12,16
202710,21901306,2,3,7
203086,21901306,0,4,0
203109,21901306,1,4,3
203457,21901306,1,1,2
203460,21901306,2,3,6
203482,21901306,4,6,9
203488,21901306,2,5,6
203500,21901306,4,7,8
203524,21901306,4,10,10
1627846,21901306,5,9,13
1627884,21901306,2,2,4
1628389,21901306,3,5,6
1628390,21901306,1,5,3
1628977,21901306,4,9,11
1628983,21901306,6,9,18
1628985,21901306,0,4,0
1629130,21901306,6,8,19
1629216,21901306,1,7,3
1629639,21901306,9,16,30
1629647,21901306,8,14,21
1629652,21901306,0,1,2
1629735,21901306,3,5,8
2546,21901309,4,12,9
202066,21901309,4,10,15
202355,21901309,5,6,16
203081,21901309,13,22,42
203468,21901309,9,21,25
203925,21901309,9,14,19
203994,21901309,11,17,22
204020,21901309,7,13,16
1626147,21901309,1,2,3
1626209,21901309,1,5,2
1627747,21901309,16,29,37
1627789,21901309,7,13,19
1628380,21901309,1,7,2
1628386,21901309,5,8,14
1629014,21901309,0,1,0
1629018,21901309,6,13,16
1629066,21901309,3,5,8
1629725,21901309,1,2,2
2594,21901311,1,3,4
101107,21901311,2,2,5
201229,21901311,3,5,9
201572,21901311,6,14,19
201577,21901311,2,9,5
202339,21901311,1,7,3
202685,21901311,11,17,26
203114,21901311,5,13,14
203476,21901311,1,6,7
203648,21901311,1,4,2
203937,21901311,3,6,10
1626192,21901311,1,4,2
1628391,21901311,5,10,12
1628412,21901311,7,13,18
1628415,21901311,12,18,31
1628425,21901311,1,6,5
1628960,21901311,4,6,9
1628978,21901311,7,13,17
1629001,21901311,2,6,5
1629630,21901311,5,17,12
1629634,21901311,4,9,10
200826,21901313,4,12,9
201937,21901313,2,6,7
203077,21901313,2,5,6
203501,21901313,2,8,8
203504,21901313,3,8,7
203552,21901313,3,9,8
203967,21901313,6,10,16
1626153,21901313,2,4,4
1626164,21901313,11,20,27
1626166,21901313,5,8,15
1626246,21901313,9,14,18
1627767,21901313,3,4,6
1627827,21901313,0,1,0
1628382,21901313,5,10,13
1628467,21901313,1,2,3
1628499,21901313,2,3,4
1628969,21901313,6,10,14
1628975,21901313,3,7,9
1629028,21901313,5,10,11
1629029,21901313,5,9,18
1629059,21901313,0,0,4
1629660,21901313,1,3,4
1629661,21901313,7,11,15
1629729,21901313,1,4,4
201158,21901314,6,11,16
202334,21901314,5,6,11
203903,21901314,4,12,11
204060,21901314,1,4,3
1626220,21901314,1,4,2
1627749,21901314,5,14,12
1627751,21901314,5,6,10
1627777,21901314,5,10,13
1628378,21901314,3,5,11
1628396,21901314,3,7,6
1628430,21901314,4,9,10
1629002,21901314,3,6,10
1629022,21901314,6,14,15
1629234,21901314,1,6,8
1629625,21901314,2,7,4
1629640,21901314,8,12,24
1629671,21901314,4,8,10
1629677,21901314,5,10,16
1629683,21901314,0,0,1
1629714,21901314,6,13,13
1629730,21901314,6,12,18
1629752,21901314,3,4,6
201149,21901317,4,7,9
201568,21901317,0,3,3
202335,21901317,4,16,17
202704,21901317,2,8,7
203210,21901317,5,11,13
203457,21901317,2,2,5
203460,21901317,1,9,3
203471,21901317,6,12,17
203488,21901317,1,3,3
203500,21901317,0,2,0
203585,21901317,2,11,9
1627826,21901317,2,3,6
1628390,21901317,0,2,0
1628977,21901317,10,22,27
1628983,21901317,6,10,13
1628985,21901317,4,12,12
1628987,21901317,2,6,5
1629126,21901317,3,11,6
1629599,21901317,7,17,21
1629611,21901317,8,12,25
1629647,21901317,3,12,9
200794,21901318,4,8,10
201188,21901318,1,3,2
203486,21901318,4,6,10
203584,21901318,4,11,10
203924,21901318,1,6,2
203943,21901318,1,2,2
203999,21901318,1,1,2
1626169,21901318,9,16,23
1626178,21901318,3,9,6
1626181,21901318,6,9,15
1626259,21901318,4,5,10
1627750,21901318,4,5,11
1628408,21901318,6,9,20
1628420,21901318,4,14,16
1628449,21901318,3,8,9
1628470,21901318,1,6,3
1628778,21901318,8,13,22
1628966,21901318,3,11,11
1629056,21901318,5,15,14
1629076,21901318,1,2,4
1629608,21901318,2,6,4
1629626,21901318,2,6,8
1629744,21901318,4,6,12
