player_id,game_id,oreb,dreb
2544,21900002,1,9
2730,21900002,3,3
101150,21900002,1,4
201580,21900002,1,1
201976,21900002,2,8
201980,21900002,1,6
202335,21900002,1,2
202340,21900002,0,3
202695,21900002,1,5
203076,21900002,3,6
203090,21900002,2,2
203210,21900002,1,5
203484,21900002,0,3
1626149,21900002,2,5
1626188,21900002,0,1
1627826,21900002,1,0
1629013,21900002,0,3
201143,21900008,1,1
202330,21900008,0,5
202683,21900008,3,3
202689,21900008,2,0
202699,21900008,1,14
203118,21900008,1,5
203124,21900008,0,1
203516,21900008,1,5
203935,21900008,1,3
203954,21900008,4,9
1626196,21900008,2,4
1627732,21900008,2,6
1627759,21900008,0,7
1627788,21900008,0,4
1628369,21900008,1,9
1628400,21900008,0,1
1628464,21900008,1,0
1629035,21900008,1,0
1629057,21900008,1,2
1629680,21900008,0,1
1629684,21900008,0,1
2544,21900054,0,2
2730,21900054,1,4
201580,21900054,1,8
202340,21900054,0,3
202685,21900054,3,8
203076,21900054,8,12
203109,21900054,1,4
203484,21900054,0,6
203524,21900054,2,2
203584,21900054,0,3
203937,21900054,0,3
203998,21900054,1,1
1626188,21900054,0,3
1627936,21900054,0,3
1628415,21900054,0,3
1628960,21900054,1,4
1628991,21900054,2,4
1629001,21900054,1,0
1629630,21900054,1,2
1629634,21900054,1,0
1629741,21900054,0,2
101150,21900063,0,3
201144,21900063,0,1
201145,21900063,0,1
201976,21900063,1,2
202334,21900063,3,6
202335,21900063,1,2
202711,21900063,0,4
203090,21900063,0,2
203210,21900063,1,7
203497,21900063,0,7
203585,21900063,0,1
204060,21900063,0,2
1626144,21900063,0,3
1626149,21900063,0,2
1626220,21900063,0,4
1627826,21900063,2,6
1628378,21900063,0,5
1629010,21900063,0,2
1629013,21900063,0,1
1629611,21900063,1,2
201143,21900110,1,3
201144,21900110,2,4
201145,21900110,0,6
202699,21900110,1,6
202711,21900110,0,6
203118,21900110,0,2
203497,21900110,4,12
203516,21900110,0,1
203526,21900110,0,3
203954,21900110,4,12
204060,21900110,1,1
1626196,21900110,1,3
1626220,21900110,0,4
1627732,21900110,0,1
1627777,21900110,0,2
1627788,21900110,0,3
1628378,21900110,4,1
1628396,21900110,3,0
1629680,21900110,0,1
201571,21900133,0,2
202329,21900133,0,1
202696,21900133,3,14
203082,21900133,0,2
203095,21900133,0,3
203200,21900133,0,2
203487,21900133,1,1
203926,21900133,2,4
203932,21900133,1,1
203933,21900133,0,2
203960,21900133,0,1
204456,21900133,0,3
1627734,21900133,3,13
1627763,21900133,0,5
1628365,21900133,0,2
1628371,21900133,0,3
1628388,21900133,2,2
1628964,21900133,2,1
1628988,21900133,1,0
1628993,21900133,2,1
201571,21900185,0,3
202329,21900185,1,5
202397,21900185,0,4
202696,21900185,7,10
202722,21900185,3,5
203078,21900185,1,5
203082,21900185,0,4
203095,21900185,0,1
203487,21900185,0,1
203932,21900185,1,8
1628365,21900185,0,3
1628411,21900185,0,2
1628418,21900185,2,4
1628964,21900185,2,4
1628972,21900185,1,6
1629021,21900185,1,2
1629060,21900185,1,3
201959,21900189,6,2
201961,21900189,0,2
202684,21900189,3,2
202688,21900189,0,3
202694,21900189,3,3
203521,21900189,0,2
203903,21900189,1,1
203944,21900189,2,5
1626171,21900189,1,6
1626224,21900189,1,7
1627790,21900189,1,5
1628035,21900189,2,4
1628372,21900189,0,2
1628373,21900189,1,0
1628422,21900189,0,1
1628995,21900189,1,2
1629011,21900189,4,4
1629012,21900189,2,1
1629628,21900189,1,1
1629636,21900189,0,2
1629645,21900189,0,4
201144,21900210,1,5
201145,21900210,1,2
201952,21900210,2,2
202711,21900210,2,2
203476,21900210,1,7
203496,21900210,0,3
203497,21900210,3,12
203952,21900210,2,5
204060,21900210,2,2
1626144,21900210,2,3
1626157,21900210,2,10
1626203,21900210,1,4
1626220,21900210,0,6
1627777,21900210,0,1
1628378,21900210,2,5
1629006,21900210,0,1
1629103,21900210,1,6
1629633,21900210,3,1
201565,21900241,1,1
201571,21900241,0,3
201933,21900241,0,5
202329,21900241,0,4
202693,21900241,0,1
203082,21900241,0,2
203083,21900241,3,15
203095,21900241,0,2
203920,21900241,4,2
204038,21900241,1,2
1626174,21900241,1,3
1627748,21900241,1,1
1628365,21900241,0,4
1628371,21900241,0,6
1628379,21900241,0,4
1628411,21900241,0,2
1628964,21900241,4,8
1628971,21900241,1,7
1629004,21900241,1,1
201188,21900269,1,6
201571,21900269,0,3
202329,21900269,1,1
203082,21900269,0,2
203095,21900269,0,4
203920,21900269,1,11
203932,21900269,1,7
1626178,21900269,3,3
1627783,21900269,5,8
1627832,21900269,1,4
1628365,21900269,1,3
1628371,21900269,5,5
1628384,21900269,1,6
1628449,21900269,0,3
1628964,21900269,4,3
1629056,21900269,0,5
101150,21900276,0,2
200746,21900276,1,7
200752,21900276,2,4
201158,21900276,0,6
201942,21900276,1,8
201976,21900276,2,3
201988,21900276,0,1
202331,21900276,1,7
202695,21900276,1,6
203090,21900276,1,1
203210,21900276,1,7
1626149,21900276,2,5
1626168,21900276,1,3
1627749,21900276,1,2
1627751,21900276,2,4
1627826,21900276,1,4
1627854,21900276,0,2
1628401,21900276,0,3
1629010,21900276,0,3
1629611,21900276,0,1
201952,21900286,0,4
203109,21900286,2,8
203476,21900286,2,3
203496,21900286,0,3
203524,21900286,2,3
203894,21900286,0,1
203952,21900286,1,5
203998,21900286,5,8
1626145,21900286,0,4
1626157,21900286,3,9
1626203,21900286,2,3
1628415,21900286,1,1
1628960,21900286,0,5
1628966,21900286,0,5
1628991,21900286,0,2
1629001,21900286,2,5
1629006,21900286,1,4
1629633,21900286,1,6
1629634,21900286,0,1
1629741,21900286,0,1
1713,21900295,0,2
202323,21900295,1,0
202692,21900295,2,1
203458,21900295,0,4
203922,21900295,1,3
203953,21900295,2,3
1626161,21900295,0,4
1626172,21900295,0,2
1627737,21900295,3,2
1627745,21900295,4,4
1627761,21900295,2,6
1628981,21900295,0,1
1629016,21900295,5,4
1629027,21900295,0,1
1629065,21900295,2,6
1629629,21900295,1,3
1629631,21900295,1,3
1629672,21900295,5,4
1629673,21900295,0,2
201571,21900308,1,2
201937,21900308,2,1
203082,21900308,0,3
203095,21900308,1,1
203705,21900308,0,1
203920,21900308,4,5
203932,21900308,0,5
203967,21900308,3,3
1626162,21900308,1,2
1626163,21900308,1,4
1626164,21900308,0,3
1627767,21900308,1,3
1628365,21900308,0,4
1628371,21900308,2,2
1628411,21900308,0,2
1628518,21900308,0,1
1628964,21900308,3,8
1628969,21900308,0,1
1628975,21900308,0,2
1629660,21900308,0,1
1629661,21900308,0,1
2544,21900329,1,6
2546,21900329,1,2
2730,21900329,1,9
200765,21900329,0,3
201229,21900329,0,2
201580,21900329,1,2
201980,21900329,0,5
202355,21900329,3,7
203076,21900329,0,9
203081,21900329,0,7
203145,21900329,0,2
203468,21900329,0,3
203584,21900329,0,1
203918,21900329,0,2
1626209,21900329,0,2
1627746,21900329,0,1
1627936,21900329,0,1
1628398,21900329,0,6
1629014,21900329,0,2
201143,21900332,0,5
201567,21900332,0,7
202684,21900332,2,1
202688,21900332,0,1
202699,21900332,1,3
203089,21900332,2,1
203118,21900332,2,4
203124,21900332,3,8
203504,21900332,2,0
203516,21900332,0,7
203658,21900332,2,6
203903,21900332,1,2
1626204,21900332,0,2
1627732,21900332,0,3
1627788,21900332,0,4
1627790,21900332,1,3
1628035,21900332,2,1
1629003,21900332,0,1
1629636,21900332,3,2
1629645,21900332,0,4
101150,21900343,0,1
201976,21900343,1,11
202331,21900343,0,9
203087,21900343,2,2
203090,21900343,5,9
203200,21900343,3,2
203926,21900343,1,5
203933,21900343,0,8
204456,21900343,1,2
1626149,21900343,2,5
1626167,21900343,3,2
1627734,21900343,4,18
1627826,21900343,3,5
1628476,21900343,0,2
1628988,21900343,0,3
1629010,21900343,0,3
101133,21900352,1,2
201587,21900352,1,1
202687,21900352,5,10
202722,21900352,2,7
203077,21900352,1,2
203078,21900352,2,2
203469,21900352,2,8
1626179,21900352,2,6
1628370,21900352,0,3
1628970,21900352,0,2
1628972,21900352,0,8
1628984,21900352,0,1
1629021,21900352,3,3
1629023,21900352,0,4
1629060,21900352,4,8
1629067,21900352,1,0
1629185,21900352,0,2
200746,21900396,2,10
200752,21900396,2,10
200757,21900396,1,0
200782,21900396,2,9
201158,21900396,0,2
201566,21900396,2,8
201935,21900396,3,5
201942,21900396,0,5
201988,21900396,0,1
203085,21900396,0,2
203463,21900396,0,3
203991,21900396,3,12
1626168,21900396,0,4
1627749,21900396,2,3
1627751,21900396,1,1
1627854,21900396,0,2
1627863,21900396,2,2
1628401,21900396,1,5
1629022,21900396,0,2
1629109,21900396,1,3
200794,21900414,5,7
201571,21900414,0,3
202696,21900414,2,5
203082,21900414,0,2
203095,21900414,0,1
203115,21900414,0,9
203486,21900414,3,3
203487,21900414,1,3
203914,21900414,1,4
203924,21900414,0,1
203932,21900414,1,6
203999,21900414,3,6
1627736,21900414,1,1
1627750,21900414,1,4
1628365,21900414,0,1
1628371,21900414,2,3
1628964,21900414,2,3
1629008,21900414,0,3
2546,21900428,3,3
201229,21900428,1,0
201571,21900428,0,1
202355,21900428,3,14
202696,21900428,4,8
203081,21900428,0,3
203082,21900428,1,1
203095,21900428,0,2
203145,21900428,0,4
203468,21900428,0,7
203487,21900428,0,2
203932,21900428,6,5
1626209,21900428,0,3
1627746,21900428,2,4
1628365,21900428,0,2
1628371,21900428,1,3
1628411,21900428,3,0
1628518,21900428,0,2
1628964,21900428,3,3
1628982,21900428,0,1
1629014,21900428,2,4
1629018,21900428,0,1
200755,21900459,1,2
200794,21900459,1,1
201950,21900459,2,2
202324,21900459,3,10
202734,21900459,0,1
203115,21900459,3,5
203486,21900459,1,4
203914,21900459,1,2
203924,21900459,1,1
203999,21900459,4,6
1626143,21900459,2,1
1627736,21900459,0,4
1627742,21900459,1,6
1627750,21900459,2,2
1628366,21900459,3,6
1628404,21900459,1,8
1628420,21900459,0,1
1629008,21900459,0,1
1629026,21900459,0,2
1629637,21900459,1,0
101108,21900503,1,7
201568,21900503,0,3
203457,21900503,8,4
203471,21900503,2,5
203500,21900503,4,7
203552,21900503,2,2
203939,21900503,2,2
1626153,21900503,1,2
1626246,21900503,2,4
1627827,21900503,1,1
1628382,21900503,0,4
1628390,21900503,1,0
1628467,21900503,6,8
1628973,21900503,1,1
1628977,21900503,0,1
1628983,21900503,2,8
1629029,21900503,2,8
1629647,21900503,0,3
101133,21900504,0,2
201571,21900504,0,3
202397,21900504,1,4
202696,21900504,2,10
203078,21900504,1,3
203095,21900504,0,4
203895,21900504,0,7
203920,21900504,4,6
1627780,21900504,0,3
1628365,21900504,1,3
1628371,21900504,1,0
1628394,21900504,3,7
1628411,21900504,1,5
1628518,21900504,2,4
1628964,21900504,0,6
1628972,21900504,2,5
1629067,21900504,0,1
1629140,21900504,1,5
1629726,21900504,1,0
200768,21900510,1,3
201586,21900510,3,7
201609,21900510,1,1
202710,21900510,3,9
203086,21900510,0,2
203482,21900510,0,1
1626178,21900510,3,4
1627775,21900510,1,0
1627832,21900510,1,3
1627884,21900510,1,5
1628384,21900510,1,11
1628389,21900510,2,12
1628449,21900510,2,6
1629056,21900510,1,1
1629130,21900510,0,4
1629134,21900510,1,3
1629639,21900510,1,3
1629735,21900510,0,1
201565,21900532,0,2
202692,21900532,2,5
203083,21900532,5,13
203110,21900532,1,5
203922,21900532,1,5
204038,21900532,0,1
1626161,21900532,1,2
1626174,21900532,2,4
1627737,21900532,3,1
1627748,21900532,0,3
1627814,21900532,0,5
1628971,21900532,2,2
1628980,21900532,1,1
1629004,21900532,0,2
1629016,21900532,2,3
1629065,21900532,0,2
1629635,21900532,0,10
1629672,21900532,0,2
101150,21900534,1,1
201959,21900534,1,4
201976,21900534,0,5
202331,21900534,0,4
202335,21900534,0,2
202694,21900534,2,3
203090,21900534,2,4
203210,21900534,4,6
203493,21900534,1,0
203585,21900534,0,2
203944,21900534,0,8
1626149,21900534,2,4
1626171,21900534,1,1
1627826,21900534,1,1
1628373,21900534,1,4
1628443,21900534,1,2
1629010,21900534,0,2
1629011,21900534,0,2
1629013,21900534,0,1
1629628,21900534,1,5
2594,21900546,0,1
200746,21900546,1,3
200752,21900546,1,7
201572,21900546,0,3
201577,21900546,4,3
201588,21900546,3,1
201942,21900546,0,3
202083,21900546,0,1
202339,21900546,0,1
203114,21900546,0,5
203507,21900546,2,10
1626168,21900546,3,9
1627749,21900546,3,6
1627751,21900546,0,4
1627854,21900546,0,2
1628401,21900546,2,2
1628978,21900546,1,3
1629002,21900546,0,1
1629022,21900546,0,7
201565,21900548,0,3
201567,21900548,0,9
202684,21900548,6,9
202688,21900548,0,2
203083,21900548,8,12
203503,21900548,0,4
203521,21900548,0,2
1626174,21900548,0,6
1626224,21900548,1,0
1627748,21900548,0,2
1627790,21900548,1,8
1628971,21900548,1,1
1629004,21900548,0,1
1629012,21900548,1,1
1629635,21900548,1,1
1629636,21900548,2,2
1629731,21900548,0,2
201961,21900561,0,3
202334,21900561,2,0
202711,21900561,0,3
203493,21900561,2,1
203497,21900561,3,13
203901,21900561,1,1
204060,21900561,1,1
1626144,21900561,1,2
1626171,21900561,7,6
1626220,21900561,0,7
1627777,21900561,0,4
1628373,21900561,1,3
1628378,21900561,1,2
1628396,21900561,4,3
1628422,21900561,1,3
1628430,21900561,0,1
1628995,21900561,1,5
1629011,21900561,1,3
1629628,21900561,0,2
1629730,21900561,0,2
202330,21900578,1,4
202683,21900578,7,12
202689,21900578,0,5
202734,21900578,2,2
202954,21900578,0,1
203935,21900578,0,4
1626143,21900578,3,1
1627742,21900578,1,2
1628366,21900578,3,10
1628369,21900578,0,6
1628400,21900578,1,2
1628404,21900578,3,6
1628464,21900578,1,3
1629637,21900578,1,1
1629638,21900578,1,2
1629684,21900578,0,1
1629740,21900578,1,4
1629750,21900578,0,5
201609,21900584,1,1
201949,21900584,2,2
201959,21900584,4,4
202710,21900584,2,9
203086,21900584,1,3
203493,21900584,0,1
203901,21900584,0,4
203944,21900584,3,5
1626171,21900584,0,1
1627884,21900584,0,2
1628389,21900584,2,4
1628422,21900584,1,1
1628443,21900584,1,1
1628995,21900584,1,4
1629011,21900584,0,3
1629130,21900584,0,4
1629134,21900584,0,2
1629628,21900584,0,5
1629639,21900584,0,4
2772,21900612,0,1
202357,21900612,4,8
202709,21900612,2,0
203084,21900612,2,6
203501,21900612,1,5
203552,21900612,1,0
203939,21900612,6,3
1626153,21900612,1,2
1627741,21900612,0,3
1627827,21900612,2,6
1628368,21900612,2,5
1628382,21900612,0,1
1628385,21900612,0,2
1628467,21900612,2,2
1628963,21900612,1,6
1629029,21900612,0,15
201609,21900644,0,2
201949,21900644,0,6
202357,21900644,3,3
203084,21900644,2,3
203086,21900644,1,5
203473,21900644,2,6
203482,21900644,0,6
203992,21900644,1,1
1627741,21900644,2,5
1627812,21900644,1,3
1627884,21900644,0,3
1628368,21900644,0,2
1628389,21900644,4,7
1628963,21900644,5,10
1629130,21900644,0,1
1629134,21900644,0,7
200757,21900685,0,3
200782,21900685,3,5
201566,21900685,3,4
201569,21900685,0,3
203085,21900685,0,6
203115,21900685,0,2
203914,21900685,0,2
203924,21900685,2,2
203991,21900685,8,4
203999,21900685,2,10
1627736,21900685,0,3
1627863,21900685,1,4
1628408,21900685,0,1
1628420,21900685,1,6
1628470,21900685,2,0
1629008,21900685,4,5
201163,21900688,0,3
201959,21900688,3,4
202066,21900688,0,3
202694,21900688,1,3
203493,21900688,0,5
203901,21900688,1,2
203915,21900688,0,4
203925,21900688,1,3
203944,21900688,6,9
1626171,21900688,1,3
1627747,21900688,1,2
1627752,21900688,0,3
1628373,21900688,0,3
1628386,21900688,2,3
1628422,21900688,0,2
1629011,21900688,2,3
1629033,21900688,0,1
1629066,21900688,1,2
1629651,21900688,2,3
201143,21900702,0,11
202692,21900702,1,5
202699,21900702,0,7
203110,21900702,0,9
203118,21900702,0,2
203516,21900702,0,2
203526,21900702,0,2
203922,21900702,1,4
203954,21900702,2,8
1626156,21900702,1,4
1627732,21900702,0,4
1627737,21900702,1,4
1627788,21900702,0,2
1627814,21900702,1,0
1629003,21900702,0,1
1629015,21900702,0,1
1629016,21900702,0,4
1629672,21900702,1,2
1629673,21900702,0,2
1629680,21900702,0,2
2594,21900739,0,1
101141,21900739,2,2
201572,21900739,2,2
201577,21900739,1,4
202083,21900739,0,1
202339,21900739,2,5
203114,21900739,1,7
203507,21900739,6,13
204020,21900739,0,1
1626162,21900739,4,6
1626164,21900739,0,7
1626192,21900739,2,5
1627767,21900739,1,6
1628425,21900739,0,2
1628969,21900739,0,3
1628975,21900739,0,4
1628978,21900739,0,2
1629028,21900739,8,6
1629059,21900739,0,1
1629745,21900739,2,0
200768,21900758,3,5
201586,21900758,1,6
203087,21900758,0,1
203200,21900758,2,3
203506,21900758,1,1
203926,21900758,0,4
204456,21900758,1,3
1626167,21900758,2,5
1626178,21900758,0,2
1627734,21900758,0,11
1627763,21900758,2,4
1627783,21900758,1,8
1627832,21900758,0,3
1628384,21900758,1,2
1628449,21900758,1,1
1628988,21900758,0,2
1629056,21900758,0,3
200755,21900765,0,1
201152,21900765,1,5
201950,21900765,1,2
202324,21900765,3,12
203107,21900765,1,2
203897,21900765,1,2
1626245,21900765,5,1
1627742,21900765,0,3
1627853,21900765,0,4
1627885,21900765,1,2
1628366,21900765,0,3
1628404,21900765,0,7
1628436,21900765,0,1
1628990,21900765,2,6
1629627,21900765,1,3
1629632,21900765,0,6
1629637,21900765,3,2
1629638,21900765,0,1
1629740,21900765,1,2
202693,21900808,1,7
202696,21900808,1,10
202704,21900808,1,2
203082,21900808,0,2
203089,21900808,0,1
203095,21900808,0,2
203487,21900808,1,8
203503,21900808,1,2
203516,21900808,0,1
203920,21900808,2,2
203932,21900808,4,5
204038,21900808,0,2
1626174,21900808,4,8
1627748,21900808,2,0
1628365,21900808,1,4
1628411,21900808,0,1
1628971,21900808,0,10
1629004,21900808,0,3
1629109,21900808,0,2
1629635,21900808,0,3
201937,21900855,1,5
202711,21900855,0,3
203382,21900855,6,2
203497,21900855,0,8
203903,21900855,2,0
203967,21900855,0,3
1626162,21900855,0,3
1626164,21900855,0,4
1626220,21900855,1,8
1627767,21900855,1,0
1627777,21900855,0,2
1628378,21900855,1,3
1628396,21900855,1,0
1628969,21900855,1,2
1628975,21900855,0,1
1629028,21900855,2,3
1629059,21900855,0,3
1629660,21900855,0,1
1629730,21900855,0,1
2544,21900861,2,6
2730,21900861,1,3
200755,21900861,0,5
200765,21900861,1,0
201580,21900861,3,6
201950,21900861,1,4
201980,21900861,1,4
202324,21900861,0,3
202340,21900861,0,4
202693,21900861,0,1
203076,21900861,6,8
203484,21900861,0,1
1626143,21900861,0,2
1627742,21900861,1,6
1627936,21900861,0,3
1628366,21900861,2,6
1628398,21900861,0,1
1628404,21900861,0,3
1629627,21900861,2,4
1629740,21900861,0,6
201571,21900867,0,1
201952,21900867,1,2
202696,21900867,1,11
203082,21900867,0,6
203095,21900867,1,3
203487,21900867,2,0
203516,21900867,0,4
203932,21900867,3,7
1626203,21900867,1,0
1627745,21900867,0,3
1628365,21900867,0,3
1628381,21900867,3,4
1628964,21900867,6,4
1628981,21900867,0,9
1628989,21900867,0,3
1629027,21900867,0,2
1629629,21900867,1,2
1629631,21900867,3,8
201567,21900890,2,10
203083,21900890,1,12
203200,21900890,0,3
203506,21900890,1,2
203521,21900890,1,1
203926,21900890,0,1
203933,21900890,1,2
203960,21900890,0,1
204456,21900890,0,3
1626167,21900890,3,7
1626204,21900890,0,1
1626224,21900890,0,1
1627734,21900890,3,10
1627763,21900890,0,1
1629012,21900890,1,2
1629636,21900890,1,1
1629645,21900890,0,2
202397,21900901,0,4
202722,21900901,1,3
203078,21900901,1,1
203894,21900901,0,3
203952,21900901,1,5
1627733,21900901,6,4
1627737,21900901,2,11
1627814,21900901,0,6
1628394,21900901,0,1
1628418,21900901,1,1
1628539,21900901,0,2
1628972,21900901,1,4
1629010,21900901,0,3
1629021,21900901,0,1
1629060,21900901,1,7
1629067,21900901,0,1
1629308,21900901,2,3
1629672,21900901,5,2
1629673,21900901,2,1
200794,21900913,7,2
203115,21900913,0,5
203486,21900913,5,4
203914,21900913,0,4
203924,21900913,1,3
203952,21900913,1,4
203999,21900913,4,9
1626184,21900913,0,1
1627733,21900913,1,4
1627737,21900913,1,4
1627750,21900913,1,5
1627814,21900913,0,3
1628420,21900913,0,1
1628539,21900913,1,2
1629008,21900913,1,1
1629308,21900913,0,5
1629672,21900913,1,4
1629673,21900913,0,3
201144,21900921,1,1
201959,21900921,0,1
201961,21900921,0,3
202711,21900921,0,4
203090,21900921,0,2
203493,21900921,0,5
203497,21900921,4,10
203901,21900921,4,3
203944,21900921,4,7
204060,21900921,0,5
1626144,21900921,0,1
1626171,21900921,1,3
1626220,21900921,0,4
1627777,21900921,0,1
1628378,21900921,0,1
1628396,21900921,1,4
1628995,21900921,1,4
1629628,21900921,1,3
1713,21900969,0,1
201952,21900969,1,2
201959,21900969,0,3
201961,21900969,0,2
203090,21900969,1,5
203473,21900969,4,9
203901,21900969,0,5
203944,21900969,0,11
1626171,21900969,0,2
1626203,21900969,1,2
1628373,21900969,1,3
1628381,21900969,4,11
1628981,21900969,1,1
1628989,21900969,0,2
1628995,21900969,0,3
1629011,21900969,4,2
1629027,21900969,2,0
1629628,21900969,0,5
1629629,21900969,0,6
1629631,21900969,2,4
200755,21901231,1,3
201144,21901231,1,0
201950,21901231,2,3
202324,21901231,2,6
202734,21901231,1,2
203497,21901231,2,10
203903,21901231,0,5
204060,21901231,1,2
1626144,21901231,0,1
1626220,21901231,0,9
1627742,21901231,1,7
1627777,21901231,2,0
1628366,21901231,2,4
1628378,21901231,3,2
1628396,21901231,3,2
1628402,21901231,0,1
1628404,21901231,1,2
1629637,21901231,5,2
2544,21901232,2,9
2730,21901232,2,1
201149,21901232,2,2
201580,21901232,4,3
201976,21901232,0,1
201980,21901232,0,1
202331,21901232,0,5
202335,21901232,0,4
202694,21901232,0,3
202695,21901232,0,3
202704,21901232,1,5
203076,21901232,2,6
203079,21901232,0,3
203210,21901232,0,4
203484,21901232,0,1
1627826,21901232,1,2
1627936,21901232,1,3
1628398,21901232,0,7
1629013,21901232,0,3
201571,21901233,0,1
202066,21901233,0,3
202498,21901233,0,2
202696,21901233,0,7
203082,21901233,0,3
203095,21901233,0,1
203487,21901233,1,0
203516,21901233,0,3
203920,21901233,2,2
203925,21901233,0,4
203932,21901233,0,11
204020,21901233,1,1
1626147,21901233,1,2
1627747,21901233,2,0
1627789,21901233,0,4
1628365,21901233,1,1
1628371,21901233,1,5
1628386,21901233,2,3
1628964,21901233,1,1
1628982,21901233,0,1
1629058,21901233,0,2
1629066,21901233,1,5
1629185,21901233,1,0
1629725,21901233,0,2
1629743,21901233,2,1
201937,21901235,0,1
202397,21901235,0,4
203894,21901235,0,3
203967,21901235,0,6
1626163,21901235,0,2
1626164,21901235,0,5
1626166,21901235,0,3
1626170,21901235,0,1
1628418,21901235,1,6
1628969,21901235,0,3
1628972,21901235,1,0
1628975,21901235,0,2
1629010,21901235,0,1
1629021,21901235,1,2
1629028,21901235,3,9
1629060,21901235,3,5
1629067,21901235,1,3
1629140,21901235,1,1
1629661,21901235,1,2
1629678,21901235,0,2
2544,21901243,1,9
2730,21901243,2,3
2747,21901243,0,1
200768,21901243,1,13
201188,21901243,0,7
201580,21901243,1,3
201586,21901243,1,3
201980,21901243,1,2
202693,21901243,1,1
203076,21901243,1,5
203079,21901243,1,2
203484,21901243,0,1
1626178,21901243,2,1
1626188,21901243,0,1
1627783,21901243,2,7
1627832,21901243,0,5
1628384,21901243,1,3
1628398,21901243,0,4
1629056,21901243,0,3
1629744,21901243,0,2
2546,21901245,1,2
202330,21901245,0,8
202355,21901245,1,4
202683,21901245,5,3
202689,21901245,0,1
203081,21901245,0,2
203468,21901245,0,8
203935,21901245,0,5
203994,21901245,3,6
1626209,21901245,2,0
1627759,21901245,1,5
1628369,21901245,0,4
1628380,21901245,1,4
1628400,21901245,0,1
1628464,21901245,0,2
1629018,21901245,1,0
1629684,21901245,0,1
201147,21901247,2,2
202357,21901247,0,3
202696,21901247,2,10
202709,21901247,0,1
203082,21901247,0,2
203084,21901247,1,5
203095,21901247,0,2
203145,21901247,0,1
203487,21901247,1,4
203516,21901247,2,3
203920,21901247,3,2
203932,21901247,0,5
203953,21901247,0,1
203992,21901247,1,3
1626158,21901247,1,4
1627741,21901247,0,2
1628368,21901247,0,2
1628371,21901247,0,3
1628385,21901247,4,4
1628411,21901247,1,1
1628964,21901247,1,0
1629109,21901247,2,2
1629610,21901247,0,2
201937,21901249,2,7
203501,21901249,0,10
203552,21901249,0,2
203967,21901249,0,8
204001,21901249,3,5
1626153,21901249,0,3
1626163,21901249,1,1
1626164,21901249,0,3
1626166,21901249,0,4
1626246,21901249,2,1
1627827,21901249,2,8
1628467,21901249,3,2
1628969,21901249,0,1
1628975,21901249,0,2
1629028,21901249,3,5
1629029,21901249,0,8
1629661,21901249,0,12
2738,21901250,0,2
200768,21901250,0,8
201188,21901250,1,5
201586,21901250,1,5
201609,21901250,0,5
202710,21901250,2,5
203109,21901250,1,5
203482,21901250,3,1
1626178,21901250,0,1
1626181,21901250,0,3
1627783,21901250,0,6
1627832,21901250,0,5
1628384,21901250,1,2
1628389,21901250,1,7
1629056,21901250,0,1
1629130,21901250,0,2
1629134,21901250,1,1
1629639,21901250,0,5
202397,21901252,0,2
203200,21901252,0,8
203894,21901252,0,2
203926,21901252,1,2
203933,21901252,4,7
203960,21901252,0,3
204456,21901252,0,1
1626167,21901252,2,7
1627763,21901252,1,6
1628410,21901252,0,1
1628418,21901252,4,7
1628972,21901252,0,7
1628988,21901252,1,1
1629010,21901252,1,2
1629021,21901252,2,3
1629060,21901252,2,5
1629067,21901252,0,5
1629678,21901252,0,3
200755,21901253,0,2
201229,21901253,1,1
201950,21901253,2,2
202324,21901253,2,11
202685,21901253,1,12
203937,21901253,1,4
1627742,21901253,0,7
1628366,21901253,0,4
1628404,21901253,1,6
1628415,21901253,1,4
1628960,21901253,0,1
1628991,21901253,1,1
1629001,21901253,0,2
1629627,21901253,3,4
1629630,21901253,0,5
1629634,21901253,3,5
1629637,21901253,0,2
1629638,21901253,0,1
1629740,21901253,0,2
200752,21901254,0,4
201143,21901254,3,3
201942,21901254,1,4
201988,21901254,1,3
202692,21901254,0,1
202699,21901254,1,5
203092,21901254,3,1
203526,21901254,0,1
203954,21901254,2,7
1626196,21901254,1,0
1627732,21901254,0,2
1627749,21901254,0,6
1627751,21901254,3,1
1627788,21901254,0,3
1628401,21901254,1,1
1629003,21901254,1,4
1629234,21901254,3,7
1629640,21901254,0,3
1629680,21901254,0,1
1629683,21901254,1,1
2544,21901255,1,7
2730,21901255,1,4
201144,21901255,0,2
201162,21901255,0,1
201580,21901255,0,1
201980,21901255,1,2
203076,21901255,1,11
203484,21901255,0,4
203497,21901255,2,11
204060,21901255,0,2
1626144,21901255,0,1
1626220,21901255,2,11
1627777,21901255,0,1
1627936,21901255,0,3
1628378,21901255,0,5
1628396,21901255,3,2
1628398,21901255,0,1
2594,21901256,0,2
101107,21901256,3,3
101141,21901256,0,10
201577,21901256,1,1
201588,21901256,0,2
202066,21901256,0,5
202339,21901256,1,1
202498,21901256,0,2
203114,21901256,0,4
203507,21901256,0,6
204020,21901256,1,3
1626147,21901256,0,4
1626192,21901256,0,5
1627789,21901256,0,3
1628391,21901256,1,5
1628412,21901256,0,2
1628425,21901256,0,3
1628978,21901256,1,3
1629058,21901256,1,4
1629066,21901256,1,3
1629185,21901256,0,3
1629725,21901256,1,2
1629743,21901256,3,6
101150,21901258,1,5
201937,21901258,0,3
201976,21901258,0,2
202331,21901258,0,6
202335,21901258,0,2
202694,21901258,1,3
202695,21901258,2,5
202704,21901258,0,4
203210,21901258,0,4
203967,21901258,1,6
1626163,21901258,2,4
1626164,21901258,0,4
1626166,21901258,1,2
1627826,21901258,4,8
1628969,21901258,1,6
1629013,21901258,0,1
1629028,21901258,3,4
1629661,21901258,3,4
2738,21901260,3,5
201609,21901260,1,2
202330,21901260,2,5
202683,21901260,5,0
202689,21901260,0,1
202954,21901260,1,2
203109,21901260,1,3
203482,21901260,1,5
203935,21901260,1,0
1627759,21901260,3,7
1627884,21901260,2,0
1628369,21901260,1,6
1628389,21901260,3,9
1628400,21901260,0,5
1628464,21901260,1,4
1629130,21901260,1,2
1629134,21901260,0,1
1629639,21901260,0,3
1629641,21901260,0,1
2546,21901261,3,8
200782,21901261,1,7
201145,21901261,0,6
201566,21901261,0,3
201935,21901261,3,3
202355,21901261,1,6
203081,21901261,0,9
203085,21901261,0,2
203463,21901261,0,2
203468,21901261,1,6
203496,21901261,0,8
203994,21901261,6,13
1627863,21901261,1,3
1628380,21901261,3,4
1629014,21901261,0,2
1629018,21901261,1,1
201144,21901262,1,4
201229,21901262,1,4
202685,21901262,4,10
203497,21901262,5,11
203903,21901262,0,4
203937,21901262,1,2
204060,21901262,0,4
1626220,21901262,0,7
1628378,21901262,3,4
1628396,21901262,2,1
1628415,21901262,0,3
1628960,21901262,0,2
1629001,21901262,1,2
1629630,21901262,1,5
1629634,21901262,1,4
201143,21901263,0,10
202397,21901263,0,5
202692,21901263,0,1
202699,21901263,1,5
203894,21901263,0,1
203954,21901263,1,10
1627732,21901263,1,5
1627788,21901263,1,3
1628394,21901263,0,2
1628418,21901263,4,6
1628972,21901263,2,6
1629003,21901263,1,1
1629010,21901263,0,3
1629021,21901263,0,3
1629060,21901263,2,6
1629067,21901263,1,7
1629680,21901263,1,0
200752,21901264,0,4
200794,21901264,2,5
201942,21901264,1,4
201988,21901264,1,2
203486,21901264,1,5
203584,21901264,0,1
203924,21901264,1,1
203999,21901264,3,1
1627749,21901264,0,1
1627751,21901264,3,4
1628401,21901264,1,2
1628408,21901264,2,3
1628420,21901264,0,2
1628470,21901264,1,3
1629008,21901264,4,11
1629234,21901264,3,2
1629640,21901264,1,5
1629683,21901264,0,1
2544,21901265,1,10
2747,21901265,0,1
101108,21901265,0,7
201568,21901265,1,6
201580,21901265,1,5
201980,21901265,1,4
202693,21901265,2,2
203076,21901265,2,6
203079,21901265,0,2
203457,21901265,0,4
203460,21901265,1,5
203484,21901265,1,0
203500,21901265,1,6
1626188,21901265,0,2
1627846,21901265,0,2
1627936,21901265,2,1
1628398,21901265,0,3
1628977,21901265,0,6
1628983,21901265,1,6
1629647,21901265,0,2
1629652,21901265,0,4
2594,21901269,0,2
2738,21901269,2,5
101107,21901269,2,5
201572,21901269,1,3
201588,21901269,0,2
202083,21901269,0,1
202339,21901269,1,7
203109,21901269,0,4
203114,21901269,0,6
203482,21901269,0,6
203507,21901269,1,11
203524,21901269,0,1
1626192,21901269,0,1
1627884,21901269,2,2
1628389,21901269,1,4
1628978,21901269,0,1
1629130,21901269,0,1
1629134,21901269,0,5
1629639,21901269,0,4
1629734,21901269,1,0
1629735,21901269,0,1
201937,21901270,0,4
203200,21901270,0,1
203506,21901270,0,4
203933,21901270,2,9
203960,21901270,0,1
203967,21901270,4,4
204456,21901270,0,1
1626163,21901270,0,4
1626164,21901270,0,3
1626166,21901270,0,3
1626167,21901270,3,5
1627763,21901270,0,6
1627767,21901270,1,0
1628513,21901270,0,1
1628969,21901270,1,3
1628975,21901270,0,3
1628988,21901270,0,3
1628993,21901270,0,1
1629028,21901270,3,7
1629048,21901270,0,1
1629660,21901270,0,1
1629661,21901270,3,9
101150,21901271,0,2
201149,21901271,1,1
202331,21901271,1,6
202335,21901271,0,1
202694,21901271,0,5
202695,21901271,0,6
203210,21901271,1,4
203501,21901271,0,3
203504,21901271,1,3
203585,21901271,0,1
204001,21901271,2,7
1626153,21901271,0,1
1626246,21901271,0,4
1627826,21901271,6,9
1627827,21901271,3,5
1628382,21901271,0,1
1628467,21901271,2,2
1629013,21901271,0,1
1629029,21901271,0,3
2546,21901272,1,4
202355,21901272,2,1
203081,21901272,0,4
203468,21901272,1,5
203486,21901272,1,6
203924,21901272,0,3
203994,21901272,4,3
203999,21901272,3,2
1628380,21901272,3,6
1628408,21901272,1,3
1628420,21901272,1,3
1628470,21901272,0,1
1628966,21901272,1,2
1629008,21901272,3,9
1629014,21901272,0,2
1629018,21901272,2,1
1629626,21901272,1,4
2730,21901273,4,11
2747,21901273,0,2
200782,21901273,3,3
201145,21901273,0,4
201162,21901273,0,2
201935,21901273,1,7
201980,21901273,1,2
202693,21901273,0,1
203076,21901273,5,7
203079,21901273,0,2
203085,21901273,0,3
203463,21901273,0,4
203484,21901273,0,1
203496,21901273,0,6
1626188,21901273,2,1
1627863,21901273,0,3
1628398,21901273,0,5
1629659,21901273,0,2
200752,21901274,1,6
201158,21901274,1,1
201942,21901274,1,1
202334,21901274,0,2
203903,21901274,1,1
204060,21901274,0,3
1626144,21901274,0,1
1627749,21901274,0,6
1627751,21901274,4,6
1627777,21901274,0,8
1628396,21901274,2,9
1628401,21901274,0,6
1629022,21901274,0,4
1629234,21901274,1,4
1629625,21901274,0,2
1629640,21901274,0,5
1629671,21901274,3,4
1629714,21901274,1,5
1629730,21901274,1,1
1629752,21901274,2,3
201950,21901278,1,2
202324,21901278,4,6
202397,21901278,0,6
202734,21901278,0,1
203894,21901278,0,3
1627742,21901278,0,4
1628366,21901278,3,6
1628402,21901278,0,1
1628404,21901278,1,7
1628418,21901278,4,4
1628972,21901278,3,7
1629010,21901278,0,2
1629021,21901278,1,1
1629060,21901278,1,5
1629067,21901278,1,1
1629637,21901278,2,1
1629678,21901278,0,1
1629740,21901278,0,6
2546,21901280,1,6
101150,21901280,0,2
202331,21901280,0,6
202335,21901280,1,1
202694,21901280,2,6
202704,21901280,0,2
203081,21901280,1,2
203210,21901280,0,8
203468,21901280,0,4
203585,21901280,0,1
203994,21901280,2,11
1626209,21901280,1,2
1627826,21901280,6,6
1628380,21901280,2,5
1629013,21901280,0,3
1629117,21901280,2,2
1629611,21901280,0,1
2544,21901282,1,7
2730,21901282,3,9
201162,21901282,1,1
201580,21901282,2,2
203076,21901282,3,5
203200,21901282,1,1
203484,21901282,0,2
203506,21901282,0,7
203933,21901282,0,5
203960,21901282,2,5
204456,21901282,1,4
1626167,21901282,1,2
1626188,21901282,1,0
1627763,21901282,1,4
1627936,21901282,0,1
1628398,21901282,3,2
1628988,21901282,0,6
1629048,21901282,1,1
1629659,21901282,1,0
101108,21901285,0,6
201568,21901285,0,2
202397,21901285,2,1
203488,21901285,1,2
1627784,21901285,0,2
1627846,21901285,0,3
1628418,21901285,2,3
1628972,21901285,1,7
1628977,21901285,3,3
1628983,21901285,1,5
1629010,21901285,0,2
1629021,21901285,0,3
1629060,21901285,4,4
1629067,21901285,3,5
1629140,21901285,0,1
1629647,21901285,1,6
1629652,21901285,2,8
1629678,21901285,1,3
200752,21901287,1,4
200755,21901287,0,5
201158,21901287,0,2
201942,21901287,1,3
201950,21901287,0,3
202324,21901287,5,7
1627742,21901287,1,5
1627749,21901287,0,5
1627751,21901287,5,9
1628366,21901287,2,3
1628401,21901287,0,3
1628402,21901287,1,0
1628404,21901287,2,3
1629022,21901287,2,4
1629234,21901287,6,5
1629627,21901287,5,2
1629637,21901287,0,3
1629640,21901287,0,1
1629740,21901287,0,1
201571,21901288,0,1
202330,21901288,2,7
202683,21901288,4,4
202689,21901288,1,2
202696,21901288,2,9
202954,21901288,0,1
203082,21901288,0,7
203516,21901288,2,8
203920,21901288,3,2
203935,21901288,0,1
1627759,21901288,1,11
1628365,21901288,1,5
1628369,21901288,1,8
1628400,21901288,0,1
1628411,21901288,0,2
1628464,21901288,2,5
1628982,21901288,0,1
1629057,21901288,2,1
1629109,21901288,3,4
1629724,21901288,1,1
2546,21901289,0,7
201143,21901289,0,6
202692,21901289,2,3
202699,21901289,2,5
203081,21901289,0,3
203118,21901289,2,2
203124,21901289,0,2
203468,21901289,0,7
203658,21901289,0,2
203922,21901289,0,3
203954,21901289,2,2
203994,21901289,1,5
1626196,21901289,2,3
1626209,21901289,1,6
1627788,21901289,0,1
1628380,21901289,3,3
1629018,21901289,1,2
1629117,21901289,1,1
1629680,21901289,4,5
101150,21901291,1,2
202066,21901291,0,6
202335,21901291,1,1
202694,21901291,1,3
202695,21901291,0,2
202704,21901291,1,0
203210,21901291,1,2
203585,21901291,0,4
203925,21901291,0,2
204020,21901291,1,2
1626147,21901291,0,4
1627747,21901291,1,4
1627789,21901291,0,4
1627826,21901291,5,10
1628386,21901291,4,12
1629013,21901291,0,2
1629066,21901291,2,3
1629185,21901291,0,1
1629611,21901291,0,3
101108,21901292,0,5
201937,21901292,0,5
203460,21901292,2,4
203488,21901292,1,3
203967,21901292,3,6
1626163,21901292,0,1
1626164,21901292,0,5
1626166,21901292,0,6
1627767,21901292,1,1
1627846,21901292,0,1
1628969,21901292,2,4
1628975,21901292,3,2
1628977,21901292,1,0
1628985,21901292,0,2
1628987,21901292,0,4
1629028,21901292,3,3
1629126,21901292,0,3
1629647,21901292,3,7
1629652,21901292,1,3
1629660,21901292,0,2
1629661,21901292,0,4
1629665,21901292,0,2
200826,21901293,0,2
201144,21901293,2,0
202334,21901293,2,0
203077,21901293,0,6
203497,21901293,2,3
203501,21901293,0,3
203504,21901293,0,1
203552,21901293,0,1
203903,21901293,1,2
204060,21901293,0,4
1626144,21901293,1,3
1626153,21901293,1,2
1626220,21901293,1,3
1626246,21901293,1,8
1628382,21901293,0,2
1628396,21901293,2,3
1628467,21901293,0,3
1628499,21901293,2,1
1629625,21901293,0,1
1629671,21901293,0,2
1629714,21901293,0,3
1629729,21901293,0,1
1629730,21901293,0,3
2738,21901295,0,2
201609,21901295,1,5
202710,21901295,3,8
203109,21901295,2,6
203200,21901295,0,2
203482,21901295,1,6
203506,21901295,0,5
203926,21901295,1,4
203933,21901295,1,4
203960,21901295,0,3
204456,21901295,0,2
1626167,21901295,0,7
1627763,21901295,2,6
1627884,21901295,3,2
1628389,21901295,2,7
1628410,21901295,0,2
1628988,21901295,0,1
1628993,21901295,2,2
1629048,21901295,0,1
1629130,21901295,0,5
1629216,21901295,0,1
1629639,21901295,1,4
201571,21901297,0,1
202498,21901297,1,2
202696,21901297,1,9
203516,21901297,0,5
203920,21901297,4,5
204020,21901297,1,2
1626147,21901297,0,5
1627789,21901297,0,7
1628365,21901297,2,3
1628411,21901297,0,5
1628982,21901297,1,0
1629058,21901297,1,5
1629066,21901297,1,8
1629109,21901297,1,1
1629168,21901297,2,5
1629185,21901297,1,2
1629724,21901297,1,3
1629725,21901297,0,2
1629743,21901297,3,6
200752,21901298,0,5
200782,21901298,1,0
201145,21901298,0,4
201158,21901298,2,2
201566,21901298,0,5
201942,21901298,0,6
201960,21901298,1,0
203085,21901298,0,6
203463,21901298,0,3
203496,21901298,2,7
203998,21901298,0,1
1626187,21901298,0,4
1627749,21901298,0,2
1627751,21901298,3,9
1628401,21901298,0,2
1629002,21901298,0,1
1629022,21901298,0,7
1629234,21901298,3,4
1629598,21901298,0,3
1629640,21901298,1,10
1629677,21901298,0,2
201937,21901299,0,5
202692,21901299,0,2
203118,21901299,2,2
203124,21901299,1,9
203526,21901299,0,2
203658,21901299,3,2
203922,21901299,3,4
203967,21901299,3,6
1626163,21901299,1,1
1626164,21901299,2,7
1626166,21901299,1,1
1628969,21901299,0,2
1628975,21901299,1,1
1629003,21901299,1,1
1629028,21901299,3,9
1629661,21901299,0,1
1629680,21901299,1,1
2594,21901303,1,6
101141,21901303,1,3
201572,21901303,1,2
201577,21901303,1,3
201588,21901303,0,2
202397,21901303,0,3
203507,21901303,2,7
203648,21901303,1,3
1626170,21901303,0,1
1626192,21901303,1,7
1628391,21901303,0,5
1628394,21901303,3,3
1628412,21901303,0,5
1628418,21901303,3,5
1628425,21901303,1,1
1628972,21901303,1,5
1629010,21901303,0,4
1629021,21901303,0,3
1629060,21901303,2,3
1629067,21901303,1,2
1629140,21901303,1,1
1629678,21901303,0,3
200782,21901304,1,3
201145,21901304,1,2
201569,21901304,1,3
201935,21901304,1,16
201960,21901304,0,3
203085,21901304,1,8
203200,21901304,1,5
203463,21901304,0,1
203496,21901304,0,7
203506,21901304,0,6
203926,21901304,0,2
203960,21901304,0,5
204456,21901304,2,5
1626167,21901304,7,5
1628410,21901304,1,3
1628988,21901304,0,1
1628993,21901304,0,8
1629048,21901304,1,2
1629598,21901304,1,0
2738,21901306,0,1
101108,21901306,2,5
201568,21901306,0,2
201609,21901306,1,4
202710,21901306,1,4
203086,21901306,1,4
203457,21901306,3,4
203460,21901306,1,3
203482,21901306,1,3
203488,21901306,1,4
203500,21901306,2,6
203524,21901306,0,3
1627846,21901306,0,3
1627884,21901306,0,2
1628389,21901306,0,2
1628977,21901306,1,1
1628983,21901306,0,1
1628985,21901306,0,1
1629130,21901306,0,2
1629639,21901306,0,6
1629647,21901306,3,6
1629652,21901306,1,0
1629735,21901306,2,3
2546,21901309,3,4
202066,21901309,1,9
202355,21901309,5,4
202498,21901309,0,1
203081,21901309,0,3
203468,21901309,1,3
203925,21901309,1,2
203994,21901309,2,8
204020,21901309,0,1
1626147,21901309,0,1
1626209,21901309,0,1
1627747,21901309,1,5
1627789,21901309,2,6
1628380,21901309,3,3
1628386,21901309,6,5
1629014,21901309,0,1
1629018,21901309,0,1
1629066,21901309,1,4
2594,21901311,0,1
101107,21901311,0,3
201229,21901311,1,3
201572,21901311,4,5
201577,21901311,0,4
202339,21901311,0,1
202685,21901311,3,16
203114,21901311,0,4
203476,21901311,1,3
203648,21901311,0,1
203937,21901311,0,3
1626192,21901311,0,1
1628391,21901311,1,7
1628412,21901311,2,2
1628415,21901311,0,2
1628425,21901311,1,4
1628960,21901311,0,1
1628978,21901311,1,3
1629001,21901311,0,2
1629630,21901311,4,9
1629634,21901311,0,7
200826,21901313,0,2
201937,21901313,0,2
203077,21901313,1,2
203501,21901313,0,2
203504,21901313,0,1
203552,21901313,1,1
203967,21901313,0,6
1626153,21901313,0,2
1626164,21901313,0,7
1626166,21901313,1,4
1626246,21901313,6,14
1627767,21901313,0,1
1628382,21901313,0,2
1628467,21901313,1,0
1628499,21901313,0,1
1628969,21901313,0,4
1628975,21901313,0,2
1629028,21901313,3,6
1629029,21901313,1,4
1629059,21901313,0,2
1629660,21901313,1,1
1629661,21901313,2,3
1629729,21901313,1,1
202334,21901314,4,2
203903,21901314,0,2
204060,21901314,0,1
1626220,21901314,0,1
1627749,21901314,1,13
1627751,21901314,2,3
1627777,21901314,1,4
1628378,21901314,0,4
1628396,21901314,3,7
1628430,21901314,0,1
1629002,21901314,2,4
1629022,21901314,1,2
1629234,21901314,2,5
1629625,21901314,0,2
1629640,21901314,0,2
1629671,21901314,1,1
1629677,21901314,1,5
1629683,21901314,0,1
1629714,21901314,1,3
1629730,21901314,0,2
1629752,21901314,2,1
201149,21901317,1,5
201568,21901317,0,1
202335,21901317,3,11
202704,21901317,0,2
203210,21901317,0,8
203457,21901317,0,1
203460,21901317,1,4
203471,21901317,0,1
203488,21901317,0,1
203500,21901317,2,2
203585,21901317,3,8
1627826,21901317,1,3
1628390,21901317,0,1
1628977,21901317,4,7
1628983,21901317,0,4
1628985,21901317,1,0
1628987,21901317,1,3
1629126,21901317,1,5
1629599,21901317,0,2
1629611,21901317,4,10
1629647,21901317,1,7
200794,21901318,1,2
201188,21901318,0,3
203486,21901318,1,2
203584,21901318,0,3
203924,21901318,1,1
203999,21901318,0,1
1626169,21901318,0,4
1626178,21901318,2,4
1626181,21901318,1,5
1626259,21901318,1,0
1628408,21901318,0,5
1628420,21901318,0,6
1628449,21901318,4,5
1628470,21901318,1,3
1628778,21901318,0,6
1628966,21901318,2,4
1629056,21901318,1,5
1629076,21901318,2,2
1629608,21901318,3,4
1629626,21901318,1,3
1629744,21901318,1,2
